bucket,strength,definition,id,title_ua,title_en,competition,count,frequency,frequency_percent
weak,51.2,15th percentile effective/global player rating from current generated player data,13,"Здається, Бог наказує нас за щось","Apparently, God Punishes Us",Both,61507,0.61507,61.507
weak,51.2,15th percentile effective/global player rating from current generated player data,20,СаШо,SaSho,Cup,9592,0.09592,9.592
weak,51.2,15th percentile effective/global player rating from current generated player data,27,Сухий закон,Prohibition,Both,0,0,0
weak,51.2,15th percentile effective/global player rating from current generated player data,28,На класі,Pure Class,Cup,1,0.00001,0.001
weak,51.2,15th percentile effective/global player rating from current generated player data,29,Нерви зі сталі,Nerves of Steel,Cup,0,0,0
weak,51.2,15th percentile effective/global player rating from current generated player data,30,Завдання провалено успішно,Task Failed Successfully,Cup,0,0,0
weak,51.2,15th percentile effective/global player rating from current generated player data,35,Автобус припарковано,Bus Parked,Both,0,0,0
weak,51.2,15th percentile effective/global player rating from current generated player data,56,Лото «Забава»,The Lottery,Cup,1,0.00001,0.001
weak,51.2,15th percentile effective/global player rating from current generated player data,57,На 120-й,In the 120th,Cup,0,0,0
weak,51.2,15th percentile effective/global player rating from current generated player data,58,"Пливли-пливли, а на березі...",Ch-ch-ch-choke Me!,Cup,41,0.00041,0.041
weak,51.2,15th percentile effective/global player rating from current generated player data,60,На мінімалках,Bare Minimum,Cup,0,0,0
weak,51.2,15th percentile effective/global player rating from current generated player data,74,День бабака,Groundhog Day,Cup,154,0.00154,0.154
weak,51.2,15th percentile effective/global player rating from current generated player data,82,Ковалівка в Європі,Kovalivka in Europe,Both,0,0,0
average,63.6,50th percentile effective/global player rating from current generated player data,13,"Здається, Бог наказує нас за щось","Apparently, God Punishes Us",Both,34826,0.34826,34.826
average,63.6,50th percentile effective/global player rating from current generated player data,20,СаШо,SaSho,Cup,16371,0.16371,16.371
average,63.6,50th percentile effective/global player rating from current generated player data,27,Сухий закон,Prohibition,Both,7,0.00007,0.006999999999999999
average,63.6,50th percentile effective/global player rating from current generated player data,28,На класі,Pure Class,Cup,55,0.00055,0.055
average,63.6,50th percentile effective/global player rating from current generated player data,29,Нерви зі сталі,Nerves of Steel,Cup,73,0.00073,0.073
average,63.6,50th percentile effective/global player rating from current generated player data,30,Завдання провалено успішно,Task Failed Successfully,Cup,0,0,0
average,63.6,50th percentile effective/global player rating from current generated player data,35,Автобус припарковано,Bus Parked,Both,106,0.00106,0.106
average,63.6,50th percentile effective/global player rating from current generated player data,56,Лото «Забава»,The Lottery,Cup,96,0.00096,0.096
average,63.6,50th percentile effective/global player rating from current generated player data,57,На 120-й,In the 120th,Cup,22,0.00022,0.022000000000000002
average,63.6,50th percentile effective/global player rating from current generated player data,58,"Пливли-пливли, а на березі...",Ch-ch-ch-choke Me!,Cup,1312,0.01312,1.312
average,63.6,50th percentile effective/global player rating from current generated player data,60,На мінімалках,Bare Minimum,Cup,36,0.00036,0.036000000000000004
average,63.6,50th percentile effective/global player rating from current generated player data,74,День бабака,Groundhog Day,Cup,1115,0.01115,1.115
average,63.6,50th percentile effective/global player rating from current generated player data,82,Ковалівка в Європі,Kovalivka in Europe,Both,0,0,0
strong,74.3,80th percentile effective/global player rating from current generated player data,13,"Здається, Бог наказує нас за щось","Apparently, God Punishes Us",Both,17282,0.17282,17.282
strong,74.3,80th percentile effective/global player rating from current generated player data,20,СаШо,SaSho,Cup,21223,0.21223,21.223
strong,74.3,80th percentile effective/global player rating from current generated player data,27,Сухий закон,Prohibition,Both,146,0.00146,0.146
strong,74.3,80th percentile effective/global player rating from current generated player data,28,На класі,Pure Class,Cup,931,0.00931,0.931
strong,74.3,80th percentile effective/global player rating from current generated player data,29,Нерви зі сталі,Nerves of Steel,Cup,832,0.00832,0.832
strong,74.3,80th percentile effective/global player rating from current generated player data,30,Завдання провалено успішно,Task Failed Successfully,Cup,0,0,0
strong,74.3,80th percentile effective/global player rating from current generated player data,35,Автобус припарковано,Bus Parked,Both,1812,0.01812,1.812
strong,74.3,80th percentile effective/global player rating from current generated player data,56,Лото «Забава»,The Lottery,Cup,878,0.00878,0.878
strong,74.3,80th percentile effective/global player rating from current generated player data,57,На 120-й,In the 120th,Cup,524,0.00524,0.524
strong,74.3,80th percentile effective/global player rating from current generated player data,58,"Пливли-пливли, а на березі...",Ch-ch-ch-choke Me!,Cup,7400,0.074,7.3999999999999995
strong,74.3,80th percentile effective/global player rating from current generated player data,60,На мінімалках,Bare Minimum,Cup,254,0.00254,0.254
strong,74.3,80th percentile effective/global player rating from current generated player data,74,День бабака,Groundhog Day,Cup,4461,0.04461,4.460999999999999
strong,74.3,80th percentile effective/global player rating from current generated player data,82,Ковалівка в Європі,Kovalivka in Europe,Both,0,0,0
elite,84.6,95th percentile effective/global player rating from current generated player data,13,"Здається, Бог наказує нас за щось","Apparently, God Punishes Us",Both,8081,0.08081,8.081000000000001
elite,84.6,95th percentile effective/global player rating from current generated player data,20,СаШо,SaSho,Cup,23336,0.23336,23.336000000000002
elite,84.6,95th percentile effective/global player rating from current generated player data,27,Сухий закон,Prohibition,Both,1527,0.01527,1.5270000000000001
elite,84.6,95th percentile effective/global player rating from current generated player data,28,На класі,Pure Class,Cup,6384,0.06384,6.3839999999999995
elite,84.6,95th percentile effective/global player rating from current generated player data,29,Нерви зі сталі,Nerves of Steel,Cup,2215,0.02215,2.215
elite,84.6,95th percentile effective/global player rating from current generated player data,30,Завдання провалено успішно,Task Failed Successfully,Cup,0,0,0
elite,84.6,95th percentile effective/global player rating from current generated player data,35,Автобус припарковано,Bus Parked,Both,11751,0.11751,11.751000000000001
elite,84.6,95th percentile effective/global player rating from current generated player data,56,Лото «Забава»,The Lottery,Cup,3193,0.03193,3.193
elite,84.6,95th percentile effective/global player rating from current generated player data,57,На 120-й,In the 120th,Cup,2962,0.02962,2.962
elite,84.6,95th percentile effective/global player rating from current generated player data,58,"Пливли-пливли, а на березі...",Ch-ch-ch-choke Me!,Cup,13961,0.13961,13.961000000000002
elite,84.6,95th percentile effective/global player rating from current generated player data,60,На мінімалках,Bare Minimum,Cup,396,0.00396,0.396
elite,84.6,95th percentile effective/global player rating from current generated player data,74,День бабака,Groundhog Day,Cup,11005,0.11005,11.004999999999999
elite,84.6,95th percentile effective/global player rating from current generated player data,82,Ковалівка в Європі,Kovalivka in Europe,Both,0,0,0
