section,bucket,strength,threshold,goals_for_threshold,goals_against_threshold,alternative,scope,runs,metric,count,frequency,frequency_percent,maximum_goals_for,maximum_goals_against,p90_goals_for,p95_goals_for,p99_goals_for,p999_goals_for,sample_count
bavovna,weak,51.2,65,,,,,,,0,0,0,45,,25,27,30,34,
bavovna,weak,51.2,70,,,,,,,0,0,0,45,,25,27,30,34,
bavovna,weak,51.2,75,,,,,,,0,0,0,45,,25,27,30,34,
bavovna,weak,51.2,80,,,,,,,0,0,0,45,,25,27,30,34,
bavovna,weak,51.2,85,,,,,,,0,0,0,45,,25,27,30,34,
bavovna,weak,51.2,90,,,,,,,0,0,0,45,,25,27,30,34,
bavovna,weak,51.2,100,,,,,,,0,0,0,45,,25,27,30,34,
bavovna,average,63.6,65,,,,,,,0,0,0,63,,42,44,48,54,
bavovna,average,63.6,70,,,,,,,0,0,0,63,,42,44,48,54,
bavovna,average,63.6,75,,,,,,,0,0,0,63,,42,44,48,54,
bavovna,average,63.6,80,,,,,,,0,0,0,63,,42,44,48,54,
bavovna,average,63.6,85,,,,,,,0,0,0,63,,42,44,48,54,
bavovna,average,63.6,90,,,,,,,0,0,0,63,,42,44,48,54,
bavovna,average,63.6,100,,,,,,,0,0,0,63,,42,44,48,54,
bavovna,strong,74.3,65,,,,,,,1031,0.01031,1.031,81,,57,59,65,70,
bavovna,strong,74.3,70,,,,,,,127,0.00127,0.127,81,,57,59,65,70,
bavovna,strong,74.3,75,,,,,,,15,0.00015,0.015,81,,57,59,65,70,
bavovna,strong,74.3,80,,,,,,,2,0.00002,0.002,81,,57,59,65,70,
bavovna,strong,74.3,85,,,,,,,0,0,0,81,,57,59,65,70,
bavovna,strong,74.3,90,,,,,,,0,0,0,81,,57,59,65,70,
bavovna,strong,74.3,100,,,,,,,0,0,0,81,,57,59,65,70,
bavovna,elite,84.6,65,,,,,,,31869,0.31869,31.868999999999996,95,,71,74,80,86,
bavovna,elite,84.6,70,,,,,,,13495,0.13495,13.495,95,,71,74,80,86,
bavovna,elite,84.6,75,,,,,,,4245,0.04245,4.245,95,,71,74,80,86,
bavovna,elite,84.6,80,,,,,,,1031,0.01031,1.031,95,,71,74,80,86,
bavovna,elite,84.6,85,,,,,,,167,0.00167,0.167,95,,71,74,80,86,
bavovna,elite,84.6,90,,,,,,,26,0.00026,0.026,95,,71,74,80,86,
bavovna,elite,84.6,100,,,,,,,0,0,0,95,,71,74,80,86,
defense_optional_grid,weak,51.2,,55,40,,,,,0,0,0,,,,,,,
defense_optional_grid,weak,51.2,,55,45,,,,,0,0,0,,,,,,,
defense_optional_grid,weak,51.2,,55,50,,,,,0,0,0,,,,,,,
defense_optional_grid,weak,51.2,,55,55,,,,,0,0,0,,,,,,,
defense_optional_grid,weak,51.2,,55,60,,,,,0,0,0,,,,,,,
defense_optional_grid,weak,51.2,,60,40,,,,,0,0,0,,,,,,,
defense_optional_grid,weak,51.2,,60,45,,,,,0,0,0,,,,,,,
defense_optional_grid,weak,51.2,,60,50,,,,,0,0,0,,,,,,,
defense_optional_grid,weak,51.2,,60,55,,,,,0,0,0,,,,,,,
defense_optional_grid,weak,51.2,,60,60,,,,,0,0,0,,,,,,,
defense_optional_grid,weak,51.2,,65,40,,,,,0,0,0,,,,,,,
defense_optional_grid,weak,51.2,,65,45,,,,,0,0,0,,,,,,,
defense_optional_grid,weak,51.2,,65,50,,,,,0,0,0,,,,,,,
defense_optional_grid,weak,51.2,,65,55,,,,,0,0,0,,,,,,,
defense_optional_grid,weak,51.2,,65,60,,,,,0,0,0,,,,,,,
defense_optional_grid,weak,51.2,,70,40,,,,,0,0,0,,,,,,,
defense_optional_grid,weak,51.2,,70,45,,,,,0,0,0,,,,,,,
defense_optional_grid,weak,51.2,,70,50,,,,,0,0,0,,,,,,,
defense_optional_grid,weak,51.2,,70,55,,,,,0,0,0,,,,,,,
defense_optional_grid,weak,51.2,,70,60,,,,,0,0,0,,,,,,,
defense_optional_grid,weak,51.2,,75,40,,,,,0,0,0,,,,,,,
defense_optional_grid,weak,51.2,,75,45,,,,,0,0,0,,,,,,,
defense_optional_grid,weak,51.2,,75,50,,,,,0,0,0,,,,,,,
defense_optional_grid,weak,51.2,,75,55,,,,,0,0,0,,,,,,,
defense_optional_grid,weak,51.2,,75,60,,,,,0,0,0,,,,,,,
defense_optional_grid,weak,51.2,,80,40,,,,,0,0,0,,,,,,,
defense_optional_grid,weak,51.2,,80,45,,,,,0,0,0,,,,,,,
defense_optional_grid,weak,51.2,,80,50,,,,,0,0,0,,,,,,,
defense_optional_grid,weak,51.2,,80,55,,,,,0,0,0,,,,,,,
defense_optional_grid,weak,51.2,,80,60,,,,,0,0,0,,,,,,,
defense_optional_grid,average,63.6,,55,40,,,,,27,0.00027,0.027,,,,,,,
defense_optional_grid,average,63.6,,55,45,,,,,10,0.0001,0.01,,,,,,,
defense_optional_grid,average,63.6,,55,50,,,,,5,0.00005,0.005,,,,,,,
defense_optional_grid,average,63.6,,55,55,,,,,0,0,0,,,,,,,
defense_optional_grid,average,63.6,,55,60,,,,,0,0,0,,,,,,,
defense_optional_grid,average,63.6,,60,40,,,,,2,0.00002,0.002,,,,,,,
defense_optional_grid,average,63.6,,60,45,,,,,1,0.00001,0.001,,,,,,,
defense_optional_grid,average,63.6,,60,50,,,,,0,0,0,,,,,,,
defense_optional_grid,average,63.6,,60,55,,,,,0,0,0,,,,,,,
defense_optional_grid,average,63.6,,60,60,,,,,0,0,0,,,,,,,
defense_optional_grid,average,63.6,,65,40,,,,,0,0,0,,,,,,,
defense_optional_grid,average,63.6,,65,45,,,,,0,0,0,,,,,,,
defense_optional_grid,average,63.6,,65,50,,,,,0,0,0,,,,,,,
defense_optional_grid,average,63.6,,65,55,,,,,0,0,0,,,,,,,
defense_optional_grid,average,63.6,,65,60,,,,,0,0,0,,,,,,,
defense_optional_grid,average,63.6,,70,40,,,,,0,0,0,,,,,,,
defense_optional_grid,average,63.6,,70,45,,,,,0,0,0,,,,,,,
defense_optional_grid,average,63.6,,70,50,,,,,0,0,0,,,,,,,
defense_optional_grid,average,63.6,,70,55,,,,,0,0,0,,,,,,,
defense_optional_grid,average,63.6,,70,60,,,,,0,0,0,,,,,,,
defense_optional_grid,average,63.6,,75,40,,,,,0,0,0,,,,,,,
defense_optional_grid,average,63.6,,75,45,,,,,0,0,0,,,,,,,
defense_optional_grid,average,63.6,,75,50,,,,,0,0,0,,,,,,,
defense_optional_grid,average,63.6,,75,55,,,,,0,0,0,,,,,,,
defense_optional_grid,average,63.6,,75,60,,,,,0,0,0,,,,,,,
defense_optional_grid,average,63.6,,80,40,,,,,0,0,0,,,,,,,
defense_optional_grid,average,63.6,,80,45,,,,,0,0,0,,,,,,,
defense_optional_grid,average,63.6,,80,50,,,,,0,0,0,,,,,,,
defense_optional_grid,average,63.6,,80,55,,,,,0,0,0,,,,,,,
defense_optional_grid,average,63.6,,80,60,,,,,0,0,0,,,,,,,
defense_optional_grid,strong,74.3,,55,40,,,,,354,0.00354,0.35400000000000004,,,,,,,
defense_optional_grid,strong,74.3,,55,45,,,,,37,0.00037,0.037,,,,,,,
defense_optional_grid,strong,74.3,,55,50,,,,,4,0.00004,0.004,,,,,,,
defense_optional_grid,strong,74.3,,55,55,,,,,0,0,0,,,,,,,
defense_optional_grid,strong,74.3,,55,60,,,,,0,0,0,,,,,,,
defense_optional_grid,strong,74.3,,60,40,,,,,98,0.00098,0.098,,,,,,,
defense_optional_grid,strong,74.3,,60,45,,,,,13,0.00013,0.013,,,,,,,
defense_optional_grid,strong,74.3,,60,50,,,,,1,0.00001,0.001,,,,,,,
defense_optional_grid,strong,74.3,,60,55,,,,,0,0,0,,,,,,,
defense_optional_grid,strong,74.3,,60,60,,,,,0,0,0,,,,,,,
defense_optional_grid,strong,74.3,,65,40,,,,,30,0.0003,0.03,,,,,,,
defense_optional_grid,strong,74.3,,65,45,,,,,4,0.00004,0.004,,,,,,,
defense_optional_grid,strong,74.3,,65,50,,,,,0,0,0,,,,,,,
defense_optional_grid,strong,74.3,,65,55,,,,,0,0,0,,,,,,,
defense_optional_grid,strong,74.3,,65,60,,,,,0,0,0,,,,,,,
defense_optional_grid,strong,74.3,,70,40,,,,,3,0.00003,0.003,,,,,,,
defense_optional_grid,strong,74.3,,70,45,,,,,0,0,0,,,,,,,
defense_optional_grid,strong,74.3,,70,50,,,,,0,0,0,,,,,,,
defense_optional_grid,strong,74.3,,70,55,,,,,0,0,0,,,,,,,
defense_optional_grid,strong,74.3,,70,60,,,,,0,0,0,,,,,,,
defense_optional_grid,strong,74.3,,75,40,,,,,1,0.00001,0.001,,,,,,,
defense_optional_grid,strong,74.3,,75,45,,,,,0,0,0,,,,,,,
defense_optional_grid,strong,74.3,,75,50,,,,,0,0,0,,,,,,,
defense_optional_grid,strong,74.3,,75,55,,,,,0,0,0,,,,,,,
defense_optional_grid,strong,74.3,,75,60,,,,,0,0,0,,,,,,,
defense_optional_grid,strong,74.3,,80,40,,,,,0,0,0,,,,,,,
defense_optional_grid,strong,74.3,,80,45,,,,,0,0,0,,,,,,,
defense_optional_grid,strong,74.3,,80,50,,,,,0,0,0,,,,,,,
defense_optional_grid,strong,74.3,,80,55,,,,,0,0,0,,,,,,,
defense_optional_grid,strong,74.3,,80,60,,,,,0,0,0,,,,,,,
defense_optional_grid,elite,84.6,,55,40,,,,,0,0,0,,,,,,,
defense_optional_grid,elite,84.6,,55,45,,,,,0,0,0,,,,,,,
defense_optional_grid,elite,84.6,,55,50,,,,,0,0,0,,,,,,,
defense_optional_grid,elite,84.6,,55,55,,,,,0,0,0,,,,,,,
defense_optional_grid,elite,84.6,,55,60,,,,,0,0,0,,,,,,,
defense_optional_grid,elite,84.6,,60,40,,,,,0,0,0,,,,,,,
defense_optional_grid,elite,84.6,,60,45,,,,,0,0,0,,,,,,,
defense_optional_grid,elite,84.6,,60,50,,,,,0,0,0,,,,,,,
defense_optional_grid,elite,84.6,,60,55,,,,,0,0,0,,,,,,,
defense_optional_grid,elite,84.6,,60,60,,,,,0,0,0,,,,,,,
defense_optional_grid,elite,84.6,,65,40,,,,,0,0,0,,,,,,,
defense_optional_grid,elite,84.6,,65,45,,,,,0,0,0,,,,,,,
defense_optional_grid,elite,84.6,,65,50,,,,,0,0,0,,,,,,,
defense_optional_grid,elite,84.6,,65,55,,,,,0,0,0,,,,,,,
defense_optional_grid,elite,84.6,,65,60,,,,,0,0,0,,,,,,,
defense_optional_grid,elite,84.6,,70,40,,,,,0,0,0,,,,,,,
defense_optional_grid,elite,84.6,,70,45,,,,,0,0,0,,,,,,,
defense_optional_grid,elite,84.6,,70,50,,,,,0,0,0,,,,,,,
defense_optional_grid,elite,84.6,,70,55,,,,,0,0,0,,,,,,,
defense_optional_grid,elite,84.6,,70,60,,,,,0,0,0,,,,,,,
defense_optional_grid,elite,84.6,,75,40,,,,,0,0,0,,,,,,,
defense_optional_grid,elite,84.6,,75,45,,,,,0,0,0,,,,,,,
defense_optional_grid,elite,84.6,,75,50,,,,,0,0,0,,,,,,,
defense_optional_grid,elite,84.6,,75,55,,,,,0,0,0,,,,,,,
defense_optional_grid,elite,84.6,,75,60,,,,,0,0,0,,,,,,,
defense_optional_grid,elite,84.6,,80,40,,,,,0,0,0,,,,,,,
defense_optional_grid,elite,84.6,,80,45,,,,,0,0,0,,,,,,,
defense_optional_grid,elite,84.6,,80,50,,,,,0,0,0,,,,,,,
defense_optional_grid,elite,84.6,,80,55,,,,,0,0,0,,,,,,,
defense_optional_grid,elite,84.6,,80,60,,,,,0,0,0,,,,,,,
max_goals_for_by_goals_against,weak,51.2,,,40,,,,,,,,45,,,,,,96185
max_goals_for_by_goals_against,weak,51.2,,,45,,,,,,,,45,,,,,,84672
max_goals_for_by_goals_against,weak,51.2,,,50,,,,,,,,39,,,,,,61794
max_goals_for_by_goals_against,weak,51.2,,,55,,,,,,,,39,,,,,,34605
max_goals_for_by_goals_against,weak,51.2,,,60,,,,,,,,39,,,,,,14232
max_goals_for_by_goals_against,average,63.6,,,40,,,,,,,,63,,,,,,47563
max_goals_for_by_goals_against,average,63.6,,,45,,,,,,,,63,,,,,,19869
max_goals_for_by_goals_against,average,63.6,,,50,,,,,,,,59,,,,,,5489
max_goals_for_by_goals_against,average,63.6,,,55,,,,,,,,51,,,,,,988
max_goals_for_by_goals_against,average,63.6,,,60,,,,,,,,51,,,,,,111
max_goals_for_by_goals_against,strong,74.3,,,40,,,,,,,,77,,,,,,2261
max_goals_for_by_goals_against,strong,74.3,,,45,,,,,,,,69,,,,,,245
max_goals_for_by_goals_against,strong,74.3,,,50,,,,,,,,63,,,,,,11
max_goals_for_by_goals_against,strong,74.3,,,55,,,,,,,,48,,,,,,1
max_goals_for_by_goals_against,strong,74.3,,,60,,,,,,,,0,,,,,,0
max_goals_for_by_goals_against,elite,84.6,,,40,,,,,,,,53,,,,,,1
max_goals_for_by_goals_against,elite,84.6,,,45,,,,,,,,0,,,,,,0
max_goals_for_by_goals_against,elite,84.6,,,50,,,,,,,,0,,,,,,0
max_goals_for_by_goals_against,elite,84.6,,,55,,,,,,,,0,,,,,,0
max_goals_for_by_goals_against,elite,84.6,,,60,,,,,,,,0,,,,,,0
max_goals_against_by_goals_for,weak,51.2,,55,,,,,,,,,,0,,,,,0
max_goals_against_by_goals_for,weak,51.2,,60,,,,,,,,,,0,,,,,0
max_goals_against_by_goals_for,weak,51.2,,65,,,,,,,,,,0,,,,,0
max_goals_against_by_goals_for,weak,51.2,,70,,,,,,,,,,0,,,,,0
max_goals_against_by_goals_for,weak,51.2,,75,,,,,,,,,,0,,,,,0
max_goals_against_by_goals_for,weak,51.2,,80,,,,,,,,,,0,,,,,0
max_goals_against_by_goals_for,average,63.6,,55,,,,,,,,,,51,,,,,63
max_goals_against_by_goals_for,average,63.6,,60,,,,,,,,,,46,,,,,4
max_goals_against_by_goals_for,average,63.6,,65,,,,,,,,,,0,,,,,0
max_goals_against_by_goals_for,average,63.6,,70,,,,,,,,,,0,,,,,0
max_goals_against_by_goals_for,average,63.6,,75,,,,,,,,,,0,,,,,0
max_goals_against_by_goals_for,average,63.6,,80,,,,,,,,,,0,,,,,0
max_goals_against_by_goals_for,strong,74.3,,55,,,,,,,,,,53,,,,,16878
max_goals_against_by_goals_for,strong,74.3,,60,,,,,,,,,,50,,,,,4895
max_goals_against_by_goals_for,strong,74.3,,65,,,,,,,,,,49,,,,,1031
max_goals_against_by_goals_for,strong,74.3,,70,,,,,,,,,,44,,,,,127
max_goals_against_by_goals_for,strong,74.3,,75,,,,,,,,,,44,,,,,15
max_goals_against_by_goals_for,strong,74.3,,80,,,,,,,,,,27,,,,,2
max_goals_against_by_goals_for,elite,84.6,,55,,,,,,,,,,38,,,,,79913
max_goals_against_by_goals_for,elite,84.6,,60,,,,,,,,,,38,,,,,57190
max_goals_against_by_goals_for,elite,84.6,,65,,,,,,,,,,38,,,,,31869
max_goals_against_by_goals_for,elite,84.6,,70,,,,,,,,,,38,,,,,13495
max_goals_against_by_goals_for,elite,84.6,,75,,,,,,,,,,38,,,,,4245
max_goals_against_by_goals_for,elite,84.6,,80,,,,,,,,,,36,,,,,1031
different_eras,,,,,,current,overall,1200000,,820706,0.6839216666666666,68.39216666666667,,,,,,,
different_eras,,,,,,current,competition:league,600000,,325288,0.5421466666666667,54.214666666666666,,,,,,,
different_eras,,,,,,current,formation:4-4-2,400000,,272804,0.68201,68.201,,,,,,,
different_eras,,,,,,current,competition:league|formation:4-4-2,200000,,107826,0.53913,53.913,,,,,,,
different_eras,,,,,,current,formation:3-5-2,400000,,273994,0.684985,68.49849999999999,,,,,,,
different_eras,,,,,,current,competition:league|formation:3-5-2,200000,,108536,0.54268,54.26800000000001,,,,,,,
different_eras,,,,,,current,formation:5-3-2,400000,,273908,0.68477,68.477,,,,,,,
different_eras,,,,,,current,competition:league|formation:5-3-2,200000,,108926,0.54463,54.462999999999994,,,,,,,
different_eras,,,,,,current,competition:cup,600000,,495418,0.8256966666666666,82.56966666666666,,,,,,,
different_eras,,,,,,current,competition:cup|formation:4-4-2,200000,,164978,0.82489,82.489,,,,,,,
different_eras,,,,,,current,competition:cup|formation:3-5-2,200000,,165458,0.82729,82.729,,,,,,,
different_eras,,,,,,current,competition:cup|formation:5-3-2,200000,,164982,0.82491,82.491,,,,,,,
different_eras,,,,,,balanced,overall,1200000,,255350,0.21279166666666666,21.279166666666665,,,,,,,
different_eras,,,,,,balanced,competition:league,600000,,64812,0.10802,10.802,,,,,,,
different_eras,,,,,,balanced,formation:4-4-2,400000,,84340,0.21085,21.085,,,,,,,
different_eras,,,,,,balanced,competition:league|formation:4-4-2,200000,,21012,0.10506,10.506,,,,,,,
different_eras,,,,,,balanced,formation:3-5-2,400000,,86422,0.216055,21.6055,,,,,,,
different_eras,,,,,,balanced,competition:league|formation:3-5-2,200000,,22006,0.11003,11.003,,,,,,,
different_eras,,,,,,balanced,formation:5-3-2,400000,,84588,0.21147,21.147,,,,,,,
different_eras,,,,,,balanced,competition:league|formation:5-3-2,200000,,21794,0.10897,10.897,,,,,,,
different_eras,,,,,,balanced,competition:cup,600000,,190538,0.3175633333333333,31.75633333333333,,,,,,,
different_eras,,,,,,balanced,competition:cup|formation:4-4-2,200000,,63328,0.31664,31.663999999999998,,,,,,,
different_eras,,,,,,balanced,competition:cup|formation:3-5-2,200000,,64416,0.32208,32.208,,,,,,,
different_eras,,,,,,balanced,competition:cup|formation:5-3-2,200000,,62794,0.31397,31.397000000000002,,,,,,,
different_eras,,,,,,edge_eras,overall,1200000,,389956,0.3249633333333333,32.49633333333333,,,,,,,
different_eras,,,,,,edge_eras,competition:league,600000,,93870,0.15645,15.645000000000001,,,,,,,
different_eras,,,,,,edge_eras,formation:4-4-2,400000,,129102,0.322755,32.2755,,,,,,,
different_eras,,,,,,edge_eras,competition:league|formation:4-4-2,200000,,30686,0.15343,15.343000000000002,,,,,,,
different_eras,,,,,,edge_eras,formation:3-5-2,400000,,131946,0.329865,32.9865,,,,,,,
different_eras,,,,,,edge_eras,competition:league|formation:3-5-2,200000,,31722,0.15861,15.861,,,,,,,
different_eras,,,,,,edge_eras,formation:5-3-2,400000,,128908,0.32227,32.227,,,,,,,
different_eras,,,,,,edge_eras,competition:league|formation:5-3-2,200000,,31462,0.15731,15.731,,,,,,,
different_eras,,,,,,edge_eras,competition:cup,600000,,296086,0.4934766666666667,49.34766666666667,,,,,,,
different_eras,,,,,,edge_eras,competition:cup|formation:4-4-2,200000,,98416,0.49208,49.208,,,,,,,
different_eras,,,,,,edge_eras,competition:cup|formation:3-5-2,200000,,100224,0.50112,50.112,,,,,,,
different_eras,,,,,,edge_eras,competition:cup|formation:5-3-2,200000,,97446,0.48723,48.723,,,,,,,
different_eras,,,,,,no_dominant_era,overall,1200000,,455646,0.379705,37.9705,,,,,,,
different_eras,,,,,,no_dominant_era,competition:league,600000,,152850,0.25475,25.474999999999998,,,,,,,
different_eras,,,,,,no_dominant_era,formation:4-4-2,400000,,150954,0.377385,37.7385,,,,,,,
different_eras,,,,,,no_dominant_era,competition:league|formation:4-4-2,200000,,50156,0.25078,25.078,,,,,,,
different_eras,,,,,,no_dominant_era,formation:3-5-2,400000,,152660,0.38165,38.165,,,,,,,
different_eras,,,,,,no_dominant_era,competition:league|formation:3-5-2,200000,,51156,0.25578,25.578,,,,,,,
different_eras,,,,,,no_dominant_era,formation:5-3-2,400000,,152032,0.38008,38.007999999999996,,,,,,,
different_eras,,,,,,no_dominant_era,competition:league|formation:5-3-2,200000,,51538,0.25769,25.769,,,,,,,
different_eras,,,,,,no_dominant_era,competition:cup,600000,,302796,0.50466,50.466,,,,,,,
different_eras,,,,,,no_dominant_era,competition:cup|formation:4-4-2,200000,,100798,0.50399,50.39900000000001,,,,,,,
different_eras,,,,,,no_dominant_era,competition:cup|formation:3-5-2,200000,,101504,0.50752,50.751999999999995,,,,,,,
different_eras,,,,,,no_dominant_era,competition:cup|formation:5-3-2,200000,,100494,0.50247,50.247,,,,,,,
zrada_verification,,,,,,,,,player_matches_citizenship_only,819664,,,,,,,,,
zrada_verification,,,,,,,,,player_matches_flagged_only,30434,,,,,,,,,
zrada_verification,,,,,,,,,player_matches_both,40288,,,,,,,,,
zrada_verification,,,,,,,,,runs_at_least_one_unique_match,646614,0.538845,53.8845,,,,,,,
zrada_verification,,,,,,,,,runs_at_least_two_unique_matches,198940,0.16578333333333334,16.578333333333333,,,,,,,
