player_name,normalized_player_name,club_name,decade,source_pass,confidence,input_position,game_position,goals,assists,clean_sheets,seasons_count,raw_score,provisional_rating,rating_reason,player_id,club_decade_player_id
Oleksandr Shovkovskyi,oleksandr shovkovskyi,Dynamo Kyiv,1990s,legends,High,GK,GK,0,,,7,21.0,70.3,Relative legends rating at the 90% percentile of the same-position group (4 players); confidence=High; reconstructed statistics were too incomplete for rating,8816756,338_dynamo_kyiv_1990s_8816756
Oleksandr Shovkovskyi,oleksandr shovkovskyi,Dynamo Kyiv,2000s,legends,High,GK,GK,0,,,10,30.0,74.1,Relative legends rating at the 90% percentile of the same-position group (10 players); confidence=High; reconstructed statistics were too incomplete for rating,8816756,338_dynamo_kyiv_2000s_8816756
Oleksandr Shovkovskyi,oleksandr shovkovskyi,Dynamo Kyiv,2010s,legends,High,GK,GK,0,,,7,21.0,81.2,Relative legends rating at the 90% percentile of the same-position group (8 players); confidence=High; reconstructed statistics were too incomplete for rating,8816756,338_dynamo_kyiv_2010s_8816756
Oleg Gusev,oleg gusev,Dynamo Kyiv,2000s,legends,High,RM/RB,RM,,,,7,21.0,78.1,Relative legends rating at the 90% percentile of the same-position group (4 players); confidence=High; reconstructed statistics were too incomplete for rating,8318705,338_dynamo_kyiv_2000s_8318705
Oleg Gusev,oleg gusev,Dynamo Kyiv,2010s,legends,High,RM/RB,RM,,,,7,21.0,92.0,Relative legends rating at the 90% percentile of the same-position group (5 players); confidence=High; reconstructed statistics were too incomplete for rating,8318705,338_dynamo_kyiv_2010s_8318705
Vladyslav Vashchuk,vladyslav vashchuk,Dynamo Kyiv,1990s,legends,High,CB,CB,,,,,,89.3,Relative legends rating at the 90% percentile of the overall club-decade pool (17 players); confidence=High,8789170,338_dynamo_kyiv_1990s_8789170
Vladyslav Vashchuk,vladyslav vashchuk,Dynamo Kyiv,2000s,legends,High,CB,CB,,,,,,85.4,Relative legends rating at the 90% percentile of the same-position group (8 players); confidence=High,8789170,338_dynamo_kyiv_2000s_8789170
Serhiy Rebrov,serhiy rebrov,Dynamo Kyiv,1990s,legends,High,FW/AM,FW,,,,,,92.0,Relative legends rating at the 90% percentile of the same-position group (3 players); confidence=High,8205827,338_dynamo_kyiv_1990s_8205827
Serhiy Rebrov,serhiy rebrov,Dynamo Kyiv,2000s,legends,High,FW/AM,FW,,,,,,92.0,Relative legends rating at the 90% percentile of the same-position group (12 players); confidence=High,8205827,338_dynamo_kyiv_2000s_8205827
Andriy Nesmachnyi,andriy nesmachnyi,Dynamo Kyiv,1990s,legends,High,LB,LB,,,,3,9.0,88.2,Relative legends rating at the 87% percentile of the overall club-decade pool (17 players); confidence=High; reconstructed statistics were too incomplete for rating,8841428,338_dynamo_kyiv_1990s_8841428
Andriy Nesmachnyi,andriy nesmachnyi,Dynamo Kyiv,2000s,legends,High,LB,LB,,,,10,30.0,83.3,Relative legends rating at the 87% percentile of the overall club-decade pool (60 players); confidence=High; reconstructed statistics were too incomplete for rating,8841428,338_dynamo_kyiv_2000s_8841428
Andriy Nesmachnyi,andriy nesmachnyi,Dynamo Kyiv,2010s,legends,High,LB,LB,,,,1,3.0,74.9,Relative legends rating at the 87% percentile of the same-position group (8 players); confidence=High; reconstructed statistics were too incomplete for rating,8841428,338_dynamo_kyiv_2010s_8841428
Valentyn Belkevych,valentyn belkevych,Dynamo Kyiv,1990s,legends,High,AM/CM,AM,,,,4,12.0,84.0,Relative legends rating at the 90% percentile of the same-position group (3 players); confidence=High; reconstructed statistics were too incomplete for rating,8647189,338_dynamo_kyiv_1990s_8647189
Valentyn Belkevych,valentyn belkevych,Dynamo Kyiv,2000s,legends,High,AM/CM,AM,,,,8,24.0,86.5,Relative legends rating at the 90% percentile of the same-position group (3 players); confidence=High; reconstructed statistics were too incomplete for rating,8647189,338_dynamo_kyiv_2000s_8647189
Andriy Husin,andriy husin,Dynamo Kyiv,1990s,legends,High,CM/DM,CM,,,,7,21.0,87.6,Relative legends rating at the 87% percentile of the same-position group (3 players); confidence=High; reconstructed statistics were too incomplete for rating,8620253,338_dynamo_kyiv_1990s_8620253
Andriy Husin,andriy husin,Dynamo Kyiv,2000s,legends,High,CM/DM,CM,,,,5,15.0,73.1,Relative legends rating at the 87% percentile of the same-position group (7 players); confidence=High; reconstructed statistics were too incomplete for rating,8620253,338_dynamo_kyiv_2000s_8620253
Yuriy Kalitvintsev,yuriy kalitvintsev,Dynamo Kyiv,1990s,legends,High,AM/CM,AM,,,,6,18.0,84.0,Relative legends rating at the 90% percentile of the same-position group (3 players); confidence=High; reconstructed statistics were too incomplete for rating,8657409,338_dynamo_kyiv_1990s_8657409
Yuriy Kalitvintsev,yuriy kalitvintsev,Dynamo Kyiv,2000s,legends,High,AM/CM,AM,,,,0,0.0,86.5,Relative legends rating at the 90% percentile of the same-position group (3 players); confidence=High; reconstructed statistics were too incomplete for rating,8657409,338_dynamo_kyiv_2000s_8657409
Vitaliy Kosovskyi,vitaliy kosovskyi,Dynamo Kyiv,1990s,legends,High,LM,LM,,,,6,18.0,89.3,Relative legends rating at the 90% percentile of the overall club-decade pool (17 players); confidence=High; reconstructed statistics were too incomplete for rating,8833780,338_dynamo_kyiv_1990s_8833780
Vitaliy Kosovskyi,vitaliy kosovskyi,Dynamo Kyiv,2000s,legends,High,LM,LM,,,,3,9.0,74.5,Relative legends rating at the 90% percentile of the same-position group (4 players); confidence=High; reconstructed statistics were too incomplete for rating,8833780,338_dynamo_kyiv_2000s_8833780
Serhiy Fedorov,serhiy fedorov,Dynamo Kyiv,1990s,legends,High,CB/RB,CB,,,,8,24.0,88.2,Relative legends rating at the 87% percentile of the overall club-decade pool (17 players); confidence=High; reconstructed statistics were too incomplete for rating,8341301,338_dynamo_kyiv_1990s_8341301
Serhiy Fedorov,serhiy fedorov,Dynamo Kyiv,2000s,legends,High,CB/RB,CB,,,,9,27.0,84.1,Relative legends rating at the 87% percentile of the same-position group (8 players); confidence=High; reconstructed statistics were too incomplete for rating,8341301,338_dynamo_kyiv_2000s_8341301
Yuriy Dmytrulin,yuriy dmytrulin,Dynamo Kyiv,1990s,legends,High,LB/CB,LB,,,,8,24.0,88.2,Relative legends rating at the 87% percentile of the overall club-decade pool (17 players); confidence=High; reconstructed statistics were too incomplete for rating,8716042,338_dynamo_kyiv_1990s_8716042
Yuriy Dmytrulin,yuriy dmytrulin,Dynamo Kyiv,2000s,legends,High,LB/CB,LB,,,,5,15.0,83.3,Relative legends rating at the 87% percentile of the overall club-decade pool (60 players); confidence=High; reconstructed statistics were too incomplete for rating,8716042,338_dynamo_kyiv_2000s_8716042
Taras Mykhalyk,taras mykhalyk,Dynamo Kyiv,2000s,legends,High,CB/DM,CB,,,,4,12.0,84.1,Relative legends rating at the 87% percentile of the same-position group (8 players); confidence=High; reconstructed statistics were too incomplete for rating,8995023,338_dynamo_kyiv_2000s_8995023
Taras Mykhalyk,taras mykhalyk,Dynamo Kyiv,2010s,legends,High,CB/DM,CB,,,,3,9.0,75.3,Relative legends rating at the 87% percentile of the same-position group (12 players); confidence=High; reconstructed statistics were too incomplete for rating,8995023,338_dynamo_kyiv_2010s_8995023
Anatoliy Tymoshchuk,anatoliy tymoshchuk,Shakhtar Donetsk,1990s,legends,High,DM/CM,CDM,,,,3,9.0,83.3,Relative legends rating at the 90% percentile of the overall club-decade pool (14 players); confidence=High; reconstructed statistics were too incomplete for rating,8562832,660_shakhtar_donetsk_1990s_8562832
Anatoliy Tymoshchuk,anatoliy tymoshchuk,Shakhtar Donetsk,2000s,legends,High,DM/CM,CDM,,,,7,21.0,92.0,Relative legends rating at the 90% percentile of the same-position group (3 players); confidence=High; reconstructed statistics were too incomplete for rating,8562832,660_shakhtar_donetsk_2000s_8562832
Brandao,brandao,Shakhtar Donetsk,2000s,legends,High,FW,FW,,,,7,21.0,92.0,Relative legends rating at the 87% percentile of the same-position group (11 players); confidence=High; reconstructed statistics were too incomplete for rating,8822964,660_shakhtar_donetsk_2000s_8822964
Gennadiy Zubov,gennadiy zubov,Shakhtar Donetsk,1990s,legends,High,RM/AM,RM,,,,6,18.0,78.7,Relative legends rating at the 87% percentile of the overall club-decade pool (14 players); confidence=High; reconstructed statistics were too incomplete for rating,8433084,660_shakhtar_donetsk_1990s_8433084
Gennadiy Zubov,gennadiy zubov,Shakhtar Donetsk,2000s,legends,High,RM/AM,RM,,,,4,12.0,79.4,Relative legends rating at the 87% percentile of the same-position group (4 players); confidence=High; reconstructed statistics were too incomplete for rating,8433084,660_shakhtar_donetsk_2000s_8433084
Serhiy Atelkin,serhiy atelkin,Shakhtar Donetsk,1990s,legends,High,FW,FW,,,,,,85.1,Relative legends rating at the 90% percentile of the same-position group (4 players); confidence=High,8037576,660_shakhtar_donetsk_1990s_8037576
Serhiy Atelkin,serhiy atelkin,Shakhtar Donetsk,2000s,legends,High,FW,FW,,,,,,92.0,Relative legends rating at the 90% percentile of the same-position group (11 players); confidence=High,8037576,660_shakhtar_donetsk_2000s_8037576
Oleg Matveev,oleg matveev,Shakhtar Donetsk,1990s,legends,High,FW,FW,,,,,,85.1,Relative legends rating at the 90% percentile of the same-position group (4 players); confidence=High,8736782,660_shakhtar_donetsk_1990s_8736782
Elano,elano,Shakhtar Donetsk,2000s,legends,Medium,CM/AM,CM,,,,3,9.0,78.7,Relative legends rating at the 87% percentile of the same-position group (3 players); confidence=Medium; reconstructed statistics were too incomplete for rating,8601307,660_shakhtar_donetsk_2000s_8601307
Mariusz Lewandowski,mariusz lewandowski,Shakhtar Donetsk,2000s,legends,High,DM/CB,CDM,,,,9,27.0,92.0,Relative legends rating at the 87% percentile of the same-position group (3 players); confidence=High; reconstructed statistics were too incomplete for rating,8087111,660_shakhtar_donetsk_2000s_8087111
Mariusz Lewandowski,mariusz lewandowski,Shakhtar Donetsk,2010s,legends,High,DM/CB,CDM,,,,0,0.0,88.3,Relative legends rating at the 87% percentile of the same-position group (6 players); confidence=High; reconstructed statistics were too incomplete for rating,8087111,660_shakhtar_donetsk_2010s_8087111
Serhiy Valyayev,serhiy valyayev,Metalist Kharkiv,2000s,legends,High,CM/DM,CM,,,,5,15.0,84.9,Relative legends rating at the 87% percentile of the same-position group (7 players); confidence=High; reconstructed statistics were too incomplete for rating,8183704,6414_metalist_kharkiv_2000s_8183704
Serhiy Valyayev,serhiy valyayev,Metalist Kharkiv,2010s,legends,High,CM/DM,CM,,,,2,6.0,78.6,Relative legends rating at the 87% percentile of the same-position group (4 players); confidence=High; reconstructed statistics were too incomplete for rating,8183704,6414_metalist_kharkiv_2010s_8183704
Vadym Goldin,vadym goldin,Metalist Kharkiv,1990s,legends,Medium,MF,CM,,,,,,72.6,Relative legends rating at the 84% percentile of the overall club-decade pool (10 players); confidence=Medium,8603941,6414_metalist_kharkiv_1990s_8603941
Vadym Goldin,vadym goldin,Metalist Kharkiv,2000s,legends,Medium,MF,CM,,,,,,84.3,Relative legends rating at the 84% percentile of the same-position group (7 players); confidence=Medium,8603941,6414_metalist_kharkiv_2000s_8603941
Oleksiy Godin,oleksiy godin,Metalurg Zaporizhya,2000s,legends,High,CM/AM,CM,,,,10,30.0,77.7,Relative legends rating at the 90% percentile of the overall club-decade pool (31 players); confidence=High; reconstructed statistics were too incomplete for rating,8602786,6994_metalurg_zaporizhya_2000s_8602786
Oleksiy Godin,oleksiy godin,Metalurg Zaporizhya,2010s,legends,High,CM/AM,CM,,,,5,15.0,72.6,Relative legends rating at the 90% percentile of the same-position group (5 players); confidence=High; reconstructed statistics were too incomplete for rating,8602786,6994_metalurg_zaporizhya_2010s_8602786
Dmytro Nevmyvaka,dmytro nevmyvaka,Metalurg Zaporizhya,2000s,legends,High,CB,CB,,,,5,15.0,75.2,Relative legends rating at the 90% percentile of the same-position group (9 players); confidence=High; reconstructed statistics were too incomplete for rating,8713027,6994_metalurg_zaporizhya_2000s_8713027
Dmytro Nevmyvaka,dmytro nevmyvaka,Metalurg Zaporizhya,2010s,legends,High,CB,CB,,,,5,15.0,70.7,Relative legends rating at the 90% percentile of the same-position group (11 players); confidence=High; reconstructed statistics were too incomplete for rating,8713027,6994_metalurg_zaporizhya_2010s_8713027
Tymerlan Huseynov,tymerlan huseynov,Chornomorets Odesa,1990s,legends,High,FW,FW,,,,5,15.0,72.4,Relative legends rating at the 90% percentile of the same-position group (3 players); confidence=High; reconstructed statistics were too incomplete for rating,8094516,6992_chornomorets_odesa_1990s_8094516
Yuriy Nikiforov,yuriy nikiforov,Chornomorets Odesa,1990s,legends,Medium,CB,CB,,,,,,75.2,Relative legends rating at the 84% percentile of the overall club-decade pool (14 players); confidence=Medium,8369832,6992_chornomorets_odesa_1990s_8369832
Ihor Zhabchenko,ihor zhabchenko,Chornomorets Odesa,1990s,legends,Medium,MF,CM,,,,,,73.7,Relative legends rating at the 84% percentile of the same-position group (3 players); confidence=Medium,8285473,6992_chornomorets_odesa_1990s_8285473
Ihor Khudobyak,ihor khudobyak,Karpaty Lviv,2000s,legends,High,AM/CM,AM,,,,5,15.0,69.6,Relative legends rating at the 90% percentile of the same-position group (3 players); confidence=High; reconstructed statistics were too incomplete for rating,8717675,2477_karpaty_lviv_2000s_8717675
Ihor Khudobyak,ihor khudobyak,Karpaty Lviv,2010s,legends,High,AM/CM,AM,,,,7,21.0,80.1,Relative legends rating at the 90% percentile of the same-position group (10 players); confidence=High; reconstructed statistics were too incomplete for rating,8717675,2477_karpaty_lviv_2010s_8717675
Serhiy Kuznetsov,serhiy kuznetsov,Karpaty Lviv,2000s,legends,Medium,FW,FW,,,,2,6.0,85.9,Relative legends rating at the 87% percentile of the same-position group (11 players); confidence=Medium; reconstructed statistics were too incomplete for rating,8574234,2477_karpaty_lviv_2000s_8574234
Serhiy Kuznetsov,serhiy kuznetsov,Karpaty Lviv,2010s,legends,Medium,FW,FW,,,,2,6.0,84.0,Relative legends rating at the 87% percentile of the same-position group (13 players); confidence=Medium; reconstructed statistics were too incomplete for rating,8574234,2477_karpaty_lviv_2010s_8574234
Serhiy Dolhanskyi,serhiy dolhanskyi,Vorskla Poltava,2000s,legends,High,GK,GK,,,,,,81.2,Relative legends rating at the 90% percentile of the same-position group (4 players); confidence=High,8986233,2740_vorskla_poltava_2000s_8986233
Serhiy Dolhanskyi,serhiy dolhanskyi,Vorskla Poltava,2010s,legends,High,GK,GK,,,,,,75.6,Relative legends rating at the 90% percentile of the same-position group (13 players); confidence=High,8986233,2740_vorskla_poltava_2010s_8986233
Vyacheslav Checher,vyacheslav checher,Metalurg Donetsk (- 2015),2000s,legends,High,CB,CB,,,,,,72.5,Relative legends rating at the 90% percentile of the same-position group (7 players); confidence=High,8518009,2783_metalurg_donetsk__2015_2000s_8518009
Vyacheslav Checher,vyacheslav checher,Metalurg Donetsk (- 2015),2010s,legends,High,CB,CB,,,,,,70.3,Relative legends rating at the 90% percentile of the same-position group (3 players); confidence=High,8518009,2783_metalurg_donetsk__2015_2010s_8518009
Serhiy Shyshchenko,serhiy shyshchenko,Metalurg Donetsk (- 2015),1990s,legends,High,AM/FW,AM,,,,,,74.8,Relative legends rating at the 87% percentile of the overall club-decade pool (11 players); confidence=High,8913731,2783_metalurg_donetsk__2015_1990s_8913731
Serhiy Shyshchenko,serhiy shyshchenko,Metalurg Donetsk (- 2015),2000s,legends,High,AM/FW,AM,,,,,,77.1,Relative legends rating at the 87% percentile of the same-position group (5 players); confidence=High,8913731,2783_metalurg_donetsk__2015_2000s_8913731
Yevhen Banada,yevhen banada,PFC Oleksandriya,2010s,legends,High,DM/CM,CDM,,,,,,66.6,Relative legends rating at the 87% percentile of the overall club-decade pool (13 players); confidence=High,8547951,18303_pfc_oleksandriya_2010s_8547951
Ihor Kohut,ihor kohut,SC Dnipro-1,2010s,legends,High,CM,CM,,,,3,9.0,68.6,Relative legends rating at the 87% percentile of the same-position group (5 players); confidence=High; reconstructed statistics were too incomplete for rating,8786524,60551_sc_dnipro_1_2010s_8786524
Ihor Kohut,ihor kohut,SC Dnipro-1,2020s,legends,High,CM,CM,,,,3,9.0,81.4,Relative legends rating at the 87% percentile of the same-position group (11 players); confidence=High; reconstructed statistics were too incomplete for rating,8786524,60551_sc_dnipro_1_2020s_8786524
Oleksandr Nazarenko,oleksandr nazarenko,SC Dnipro-1,2010s,legends,High,LW/RW,LM,,,,3,9.0,73.3,Relative legends rating at the 87% percentile of the overall club-decade pool (27 players); confidence=High; reconstructed statistics were too incomplete for rating,8718789,60551_sc_dnipro_1_2010s_8718789
Oleksandr Nazarenko,oleksandr nazarenko,SC Dnipro-1,2020s,legends,High,LW/RW,LM,,,,3,9.0,72.9,Relative legends rating at the 87% percentile of the same-position group (8 players); confidence=High; reconstructed statistics were too incomplete for rating,8718789,60551_sc_dnipro_1_2020s_8718789
Tiberiu Ghioane,tiberiu ghioane,Dynamo Kyiv,2000s,core_squad,High,Midfielder,CM,,,,9,27.0,65.7,Relative core_squad rating at the 70% percentile of the same-position group (7 players); confidence=High; reconstructed statistics were too incomplete for rating,8384773,338_dynamo_kyiv_2000s_8384773
Tiberiu Ghioane,tiberiu ghioane,Dynamo Kyiv,2010s,core_squad,High,Midfielder,CM,,,,1,3.0,61.6,Relative core_squad rating at the 70% percentile of the same-position group (6 players); confidence=High; reconstructed statistics were too incomplete for rating,8384773,338_dynamo_kyiv_2010s_8384773
Artem Besyedin,artem besyedin,Dynamo Kyiv,2010s,core_squad,High,Forward,FW,,,,4,12.0,82.5,Relative core_squad rating at the 70% percentile of the same-position group (20 players); confidence=High; reconstructed statistics were too incomplete for rating,8240332,338_dynamo_kyiv_2010s_8240332
Artem Besyedin,artem besyedin,Dynamo Kyiv,2020s,core_squad,High,Forward,FW,,,,2,6.0,71.9,Relative core_squad rating at the 70% percentile of the same-position group (11 players); confidence=High; reconstructed statistics were too incomplete for rating,8240332,338_dynamo_kyiv_2020s_8240332
Yevhen Cheberyachko,yevhen cheberyachko,Dnipro Dnipropetrovsk (- 2020),2010s,core_squad,Medium,Defender,CB,,,,7,21.0,64.6,Relative core_squad rating at the 67% percentile of the same-position group (13 players); confidence=Medium; reconstructed statistics were too incomplete for rating,8417697,339_dnipro_dnipropetrovsk__2020_2010s_8417697
Ivan Strinic,ivan strinic,Dnipro Dnipropetrovsk (- 2020),2010s,core_squad,Medium,Defender,CB,,,,5,15.0,64.6,Relative core_squad rating at the 67% percentile of the same-position group (13 players); confidence=Medium; reconstructed statistics were too incomplete for rating,8637248,339_dnipro_dnipropetrovsk__2020_2010s_8637248
Serhiy Mizin,serhiy mizin,Metalist Kharkiv,2000s,core_squad,Medium,Midfielder,CM,,,,4,12.0,76.9,Relative core_squad rating at the 70% percentile of the same-position group (7 players); confidence=Medium; reconstructed statistics were too incomplete for rating,8326545,6414_metalist_kharkiv_2000s_8326545
Vitaliy Levchenko,vitaliy levchenko,Arsenal Kyiv ( -2019),2000s,core_squad,Medium,Midfielder,CM,,,,7,21.0,63.8,Relative core_squad rating at the 67% percentile of the same-position group (11 players); confidence=Medium; reconstructed statistics were too incomplete for rating,8082537,9007_arsenal_kyiv__2019_2000s_8082537
Vitaliy Rudenko,vitaliy rudenko,Chornomorets Odesa,1990s,core_squad,High,Goalkeeper,GK,0,,,1,3.0,73.2,Relative core_squad rating at the 73% percentile of the overall club-decade pool (14 players); confidence=High; reconstructed statistics were too incomplete for rating,8221215,6992_chornomorets_odesa_1990s_8221215
Vitaliy Rudenko,vitaliy rudenko,Chornomorets Odesa,2000s,core_squad,High,Goalkeeper,GK,0,,,10,30.0,68.5,Relative core_squad rating at the 73% percentile of the overall club-decade pool (25 players); confidence=High; reconstructed statistics were too incomplete for rating,8221215,6992_chornomorets_odesa_2000s_8221215
Vitaliy Rudenko,vitaliy rudenko,Chornomorets Odesa,2010s,core_squad,High,Goalkeeper,GK,0,,,3,9.0,70.2,Relative core_squad rating at the 73% percentile of the same-position group (4 players); confidence=High; reconstructed statistics were too incomplete for rating,8221215,6992_chornomorets_odesa_2010s_8221215
Vitaliy Kolesnichenko,vitaliy kolesnichenko,Chornomorets Odesa,1990s,core_squad,High,Midfielder,CM,,,,,,69.9,Relative core_squad rating at the 73% percentile of the same-position group (3 players); confidence=High,8906036,6992_chornomorets_odesa_1990s_8906036
Vitaliy Kolesnichenko,vitaliy kolesnichenko,Chornomorets Odesa,2000s,core_squad,High,Midfielder,CM,,,,,,68.5,Relative core_squad rating at the 73% percentile of the overall club-decade pool (25 players); confidence=High,8906036,6992_chornomorets_odesa_2000s_8906036
Yuriy Bukel,yuriy bukel,Chornomorets Odesa,1990s,core_squad,High,Defender,CB,,,,,,73.2,Relative core_squad rating at the 73% percentile of the overall club-decade pool (14 players); confidence=High,8958356,6992_chornomorets_odesa_1990s_8958356
Yuriy Bukel,yuriy bukel,Chornomorets Odesa,2000s,core_squad,High,Defender,CB,,,,,,69.9,Relative core_squad rating at the 73% percentile of the same-position group (6 players); confidence=High,8958356,6992_chornomorets_odesa_2000s_8958356
Oleksandr Zotov,oleksandr zotov,Chornomorets Odesa,2000s,core_squad,High,Midfielder,CM,,,,5,15.0,67.8,Relative core_squad rating at the 70% percentile of the overall club-decade pool (25 players); confidence=High; reconstructed statistics were too incomplete for rating,8960761,6992_chornomorets_odesa_2000s_8960761
Oleksandr Zotov,oleksandr zotov,Chornomorets Odesa,2010s,core_squad,High,Midfielder,CM,,,,4,12.0,73.3,Relative core_squad rating at the 70% percentile of the same-position group (7 players); confidence=High; reconstructed statistics were too incomplete for rating,8960761,6992_chornomorets_odesa_2010s_8960761
Oleksiy Hai,oleksiy hai,Chornomorets Odesa,2010s,core_squad,Medium,Midfielder,CM,,,,2,6.0,73.3,Relative core_squad rating at the 70% percentile of the same-position group (7 players); confidence=Medium; reconstructed statistics were too incomplete for rating,8691785,6992_chornomorets_odesa_2010s_8691785
Dmytro Bezotosnyi,dmytro bezotosnyi,Chornomorets Odesa,2010s,core_squad,Medium,Goalkeeper,GK,0,,,4,12.0,70.0,Relative core_squad rating at the 70% percentile of the same-position group (4 players); confidence=Medium; reconstructed statistics were too incomplete for rating,8369233,6992_chornomorets_odesa_2010s_8369233
Oleksandr Didenko,oleksandr didenko,Chornomorets Odesa,2000s,core_squad,Medium,Forward,FW,,,,4,12.0,67.6,Relative core_squad rating at the 67% percentile of the overall club-decade pool (25 players); confidence=Medium; reconstructed statistics were too incomplete for rating,8342846,6992_chornomorets_odesa_2000s_8342846
Oleksandr Didenko,oleksandr didenko,Chornomorets Odesa,2010s,core_squad,Medium,Forward,FW,,,,2,6.0,72.5,Relative core_squad rating at the 67% percentile of the same-position group (9 players); confidence=Medium; reconstructed statistics were too incomplete for rating,8342846,6992_chornomorets_odesa_2010s_8342846
Velizar Dimitrov,velizar dimitrov,Metalurg Donetsk (- 2015),2000s,core_squad,Medium,Midfielder,CM,,,,2,6.0,72.6,Relative core_squad rating at the 67% percentile of the same-position group (8 players); confidence=Medium; reconstructed statistics were too incomplete for rating,8226238,2783_metalurg_donetsk__2015_2000s_8226238
Velizar Dimitrov,velizar dimitrov,Metalurg Donetsk (- 2015),2010s,core_squad,Medium,Midfielder,CM,,,,2,6.0,62.8,Relative core_squad rating at the 67% percentile of the same-position group (3 players); confidence=Medium; reconstructed statistics were too incomplete for rating,8226238,2783_metalurg_donetsk__2015_2010s_8226238
Viktor Gromov,viktor gromov,Kryvbas Kryvyi Rig,1990s,core_squad,High,Defender,CB,,,,,,62.0,Relative core_squad rating at the 70% percentile of the overall club-decade pool (7 players); confidence=High,8835292,3592_kryvbas_kryvyi_rig_1990s_8835292
Viktor Gromov,viktor gromov,Kryvbas Kryvyi Rig,2000s,core_squad,High,Defender,CB,,,,,,68.3,Relative core_squad rating at the 70% percentile of the same-position group (18 players); confidence=High,8835292,3592_kryvbas_kryvyi_rig_2000s_8835292
Oleksandr Zotov,oleksandr zotov,Kryvbas Kryvyi Rig,2000s,core_squad,High,Midfielder,CM,,,,,,63.6,Relative core_squad rating at the 70% percentile of the same-position group (10 players); confidence=High,8960761,3592_kryvbas_kryvyi_rig_2000s_8960761
Ihor Oshchypko,ihor oshchypko,Karpaty Lviv,2000s,core_squad,Medium,Defender,CB,,,,2,6.0,68.2,Relative core_squad rating at the 67% percentile of the same-position group (9 players); confidence=Medium; reconstructed statistics were too incomplete for rating,8557816,2477_karpaty_lviv_2000s_8557816
Ihor Oshchypko,ihor oshchypko,Karpaty Lviv,2010s,core_squad,Medium,Defender,CB,,,,3,9.0,62.6,Relative core_squad rating at the 67% percentile of the same-position group (17 players); confidence=Medium; reconstructed statistics were too incomplete for rating,8557816,2477_karpaty_lviv_2010s_8557816
Andriy Hitchenko,andriy hitchenko,FC Oleksandriya,2010s,core_squad,Medium,Defender,CB,,,,4,12.0,67.0,Relative core_squad rating at the 67% percentile of the same-position group (11 players); confidence=Medium; reconstructed statistics were too incomplete for rating,8822269,18303_fc_oleksandriya_2010s_8822269
Andriy Hitchenko,andriy hitchenko,FC Oleksandriya,2020s,core_squad,Medium,Defender,CB,,,,1,3.0,66.4,Relative core_squad rating at the 67% percentile of the same-position group (15 players); confidence=Medium; reconstructed statistics were too incomplete for rating,8822269,18303_fc_oleksandriya_2020s_8822269
Roman Lytovchak,roman lytovchak,Borysfen Boryspil (- 2007),2000s,core_squad,High,Midfielder,CM,,,,,,68.6,Relative core_squad rating at the 70% percentile of the overall club-decade pool (11 players); confidence=High,8918748,3593_borysfen_boryspil__2007_2000s_8918748
Maksym Stoyan,maksym stoyan,Borysfen Boryspil (- 2007),2000s,core_squad,Medium,Midfielder,CM,,,,,,67.7,Relative core_squad rating at the 67% percentile of the overall club-decade pool (11 players); confidence=Medium,8183978,3593_borysfen_boryspil__2007_2000s_8183978
Volodymyr Avramenko,volodymyr avramenko,Desna Chernigiv,2010s,core_squad,High,Midfielder,CM,,,,,,74.2,Relative core_squad rating at the 70% percentile of the same-position group (3 players); confidence=High,8402999,16239_desna_chernigiv_2010s_8402999
Oleksandr Kozhemyachenko,oleksandr kozhemyachenko,Desna Chernigiv,2010s,core_squad,High,Forward,FW,,,,,,73.7,Relative core_squad rating at the 73% percentile of the same-position group (6 players); confidence=High,8195541,16239_desna_chernigiv_2010s_8195541
Dmytro Shutkov,dmytro shutkov,Shakhtar Donetsk,1990s,first_pass,High,GK,GK,0,,,,0.0,66.9,Relative first_pass rating at the 51% percentile of the overall club-decade pool (14 players); confidence=High; reconstructed statistics were too incomplete for rating,8738345,660_shakhtar_donetsk_1990s_8738345
Dmytro Shutkov,dmytro shutkov,Shakhtar Donetsk,2000s,first_pass,High,GK,GK,0,,,,0.0,74.2,Relative first_pass rating at the 51% percentile of the same-position group (5 players); confidence=High; reconstructed statistics were too incomplete for rating,8738345,660_shakhtar_donetsk_2000s_8738345
Serhiy Popov,serhiy popov,Shakhtar Donetsk,1990s,first_pass,High,CB,CB,,,,,,58.6,Relative first_pass rating at the 54% percentile of the same-position group (3 players); confidence=High,8410378,660_shakhtar_donetsk_1990s_8410378
Serhiy Popov,serhiy popov,Shakhtar Donetsk,2000s,first_pass,High,CB,CB,,,,,,58.6,Relative first_pass rating at the 51% percentile of the same-position group (12 players); confidence=High,8410378,660_shakhtar_donetsk_2000s_8410378
Oleksandr Horyainov,oleksandr horyainov,Metalist Kharkiv,1990s,first_pass,High,GK,GK,0,,,,0.0,64.4,Relative first_pass rating at the 51% percentile of the same-position group (3 players); confidence=High; reconstructed statistics were too incomplete for rating,8088274,6414_metalist_kharkiv_1990s_8088274
Oleksandr Horyainov,oleksandr horyainov,Metalist Kharkiv,2000s,first_pass,High,GK,GK,0,,,,0.0,61.2,Relative first_pass rating at the 51% percentile of the same-position group (7 players); confidence=High; reconstructed statistics were too incomplete for rating,8088274,6414_metalist_kharkiv_2000s_8088274
Oleksandr Horyainov,oleksandr horyainov,Metalist Kharkiv,2010s,first_pass,High,GK,GK,0,,,,0.0,59.4,Relative first_pass rating at the 51% percentile of the same-position group (8 players); confidence=High; reconstructed statistics were too incomplete for rating,8088274,6414_metalist_kharkiv_2010s_8088274
Oleksandr Chyzhevskyi,oleksandr chyzhevskyi,Karpaty Lviv,1990s,first_pass,High,CB,CB,,,,,,67.5,Relative first_pass rating at the 51% percentile of the same-position group (5 players); confidence=High,8926557,2477_karpaty_lviv_1990s_8926557
Oleksandr Chyzhevskyi,oleksandr chyzhevskyi,Karpaty Lviv,2000s,first_pass,Medium,CB,CB,,,,,,64.6,Relative first_pass rating at the 48% percentile of the same-position group (9 players); confidence=Medium,8926557,2477_karpaty_lviv_2000s_8926557
Oleh Holodyuk,oleh holodyuk,Karpaty Lviv,2000s,first_pass,High,CM,CM,,,,,,63.1,Relative first_pass rating at the 51% percentile of the same-position group (7 players); confidence=High,8161802,2477_karpaty_lviv_2000s_8161802
Oleh Holodyuk,oleh holodyuk,Karpaty Lviv,2010s,first_pass,High,CM,CM,,,,,,69.4,Relative first_pass rating at the 51% percentile of the same-position group (10 players); confidence=High,8161802,2477_karpaty_lviv_2010s_8161802
Oleksandr Gaydash,oleksandr gaydash,Tavriya Simferopol,1990s,first_pass,High,FW,FW,,,,,,64.4,Relative first_pass rating at the 51% percentile of the overall club-decade pool (7 players); confidence=High,8823936,2227_tavriya_simferopol_1990s_8823936
Oleksandr Holovko,oleksandr holovko,Tavriya Simferopol,1990s,first_pass,High,CB,CB,,,,,,64.4,Relative first_pass rating at the 51% percentile of the overall club-decade pool (7 players); confidence=High,8815625,2227_tavriya_simferopol_1990s_8815625
Oleksandr Granovskyi,oleksandr granovskyi,Kryvbas Kryvyi Rig,1990s,first_pass,Medium,CB,CB,,,,,,58.6,Relative first_pass rating at the 48% percentile of the overall club-decade pool (7 players); confidence=Medium,8657778,3592_kryvbas_kryvyi_rig_1990s_8657778
Oleksandr Granovskyi,oleksandr granovskyi,Kryvbas Kryvyi Rig,2000s,first_pass,Medium,CB,CB,,,,,,59.1,Relative first_pass rating at the 48% percentile of the same-position group (18 players); confidence=Medium,8657778,3592_kryvbas_kryvyi_rig_2000s_8657778
Oleh Fedyukov,oleh fedyukov,Volyn Lutsk,1990s,first_pass,High,DF,CB,,,,,,69.3,Relative first_pass rating at the 54% percentile of the overall club-decade pool (3 players); confidence=High,8412376,4482_volyn_lutsk_1990s_8412376
Oleh Fedyukov,oleh fedyukov,Volyn Lutsk,2000s,first_pass,High,DF,CB,,,,,,51.8,Relative first_pass rating at the 54% percentile of the same-position group (3 players); confidence=High,8412376,4482_volyn_lutsk_2000s_8412376
Volodymyr Mozolyuk,volodymyr mozolyuk,Volyn Lutsk,1990s,first_pass,High,FW,FW,,,,,,69.2,Relative first_pass rating at the 51% percentile of the overall club-decade pool (3 players); confidence=High,8001537,4482_volyn_lutsk_1990s_8001537
Vasyl Sachko,vasyl sachko,Volyn Lutsk,2000s,first_pass,High,FW,FW,,,,,,71.6,Relative first_pass rating at the 51% percentile of the same-position group (5 players); confidence=High,8667157,4482_volyn_lutsk_2000s_8667157
Oleksandr Pyschur,oleksandr pyschur,Volyn Lutsk,2010s,first_pass,Medium,FW,FW,,,,,,74.9,Relative first_pass rating at the 48% percentile of the same-position group (6 players); confidence=Medium,8066564,4482_volyn_lutsk_2010s_8066564
Ihor Luchkevych,ihor luchkevych,Metalurg Zaporizhya,1990s,first_pass,High,MF,CM,,,,,,51.6,Relative first_pass rating at the 51% percentile of the same-position group (3 players); confidence=High,8756659,6994_metalurg_zaporizhya_1990s_8756659
Yuriy Markin,yuriy markin,Metalurg Zaporizhya,1990s,first_pass,High,DF,CB,,,,,,57.7,Relative first_pass rating at the 51% percentile of the overall club-decade pool (12 players); confidence=High,8374660,6994_metalurg_zaporizhya_1990s_8374660
Andriy Demchenko,andriy demchenko,Metalurg Zaporizhya,1990s,first_pass,Medium,MF,CM,,,,,,51.2,Relative first_pass rating at the 48% percentile of the same-position group (3 players); confidence=Medium,8829783,6994_metalurg_zaporizhya_1990s_8829783
Andriy Demchenko,andriy demchenko,Metalurg Zaporizhya,2000s,first_pass,Medium,MF,CM,,,,,,67.2,Relative first_pass rating at the 48% percentile of the overall club-decade pool (31 players); confidence=Medium,8829783,6994_metalurg_zaporizhya_2000s_8829783
Anatoliy Mushchynka,anatoliy mushchynka,Metalurg Zaporizhya,1990s,first_pass,Medium,MF,CM,,,,,,51.2,Relative first_pass rating at the 48% percentile of the same-position group (3 players); confidence=Medium,8892959,6994_metalurg_zaporizhya_1990s_8892959
