player_name,club_name,decade,position,goals,assists,clean_sheets,minutes_played,seasons_count,source_urls,confidence,notes
Dmytro Shutkov,Shakhtar Donetsk,1990s,GK,0,,,,,https://www.allplayers.in.ua/ua/club/2 ; https://shakhtar.com/players/shakhtar-women/dmytro-shutkov,Medium,"Sourced club-total goals are 0, so decade aggregate goals are safely 0 even without a season split. No season-level source rows generated because exact season list was not available. Club spell text in baseline: 1991-2008."
Dmytro Shutkov,Shakhtar Donetsk,2000s,GK,0,,,,,https://www.allplayers.in.ua/ua/club/2 ; https://shakhtar.com/players/shakhtar-women/dmytro-shutkov,Medium,"Sourced club-total goals are 0, so decade aggregate goals are safely 0 even without a season split. No season-level source rows generated because exact season list was not available. Club spell text in baseline: 1991-2008."
Serhiy Popov,Shakhtar Donetsk,1990s,CB,,,,,,https://www.allplayers.in.ua/ua/club/2 ; https://shakhtar.com/uk-ua/news/2021/april/22_news/22_popov_hb/,Medium,Could not reconstruct season-by-season statistics from supplied evidence. Source verifies candidate/club context or aggregate spell only; all unsafe numeric stats left blank. Club spell text in baseline: 1990s-2000s.
Serhiy Popov,Shakhtar Donetsk,2000s,CB,,,,,,https://www.allplayers.in.ua/ua/club/2 ; https://shakhtar.com/uk-ua/news/2021/april/22_news/22_popov_hb/,Medium,Could not reconstruct season-by-season statistics from supplied evidence. Source verifies candidate/club context or aggregate spell only; all unsafe numeric stats left blank. Club spell text in baseline: 1990s-2000s.
Oleksandr Horyainov,Metalist Kharkiv,1990s,GK,0,,,,,https://www.allplayers.in.ua/ua/team_players/4 ; https://www.fcmetalist.com.ua/staff/193.html,Medium,"Sourced club-total goals are 0, so decade aggregate goals are safely 0 even without a season split. No season-level source rows generated because exact season list was not available. Club spell text in baseline: 1993-2016, with two breaks."
Oleksandr Horyainov,Metalist Kharkiv,2000s,GK,0,,,,,https://www.allplayers.in.ua/ua/team_players/4 ; https://www.fcmetalist.com.ua/staff/193.html,Medium,"Sourced club-total goals are 0, so decade aggregate goals are safely 0 even without a season split. No season-level source rows generated because exact season list was not available. Club spell text in baseline: 1993-2016, with two breaks."
Oleksandr Horyainov,Metalist Kharkiv,2010s,GK,0,,,,,https://www.allplayers.in.ua/ua/team_players/4 ; https://www.fcmetalist.com.ua/staff/193.html,Medium,"Sourced club-total goals are 0, so decade aggregate goals are safely 0 even without a season split. No season-level source rows generated because exact season list was not available. Club spell text in baseline: 1993-2016, with two breaks."
Oleksandr Karabuta,Metalist Kharkiv,1990s,FW/MF,,,,,,https://www.allplayers.in.ua/ua/team_players/4 ; https://uk.wikipedia.org/wiki/Карабута_Олександр_Петрович,Medium,Could not reconstruct season-by-season statistics from supplied evidence. Source verifies candidate/club context or aggregate spell only; all unsafe numeric stats left blank. Club spell text in baseline: 9 seasons.
Oleksandr Chyzhevskyi,Karpaty Lviv,1990s,CB,,,,,,https://www.allplayers.in.ua/ua/club/6 ; https://football.ua/top50uaplayers/article/90716-50-luchshykh-karpaty-chast-vtoraja.html,Medium,"Could not reconstruct season-by-season statistics from supplied evidence. Source verifies candidate/club context or aggregate spell only; all unsafe numeric stats left blank. Club spell text in baseline: 1989-1999, 2002."
Oleksandr Chyzhevskyi,Karpaty Lviv,2000s,CB,,,,,,https://www.allplayers.in.ua/ua/club/6 ; https://football.ua/top50uaplayers/article/90716-50-luchshykh-karpaty-chast-vtoraja.html,Low,"Could not reconstruct season-by-season statistics from supplied evidence. Source verifies candidate/club context or aggregate spell only; all unsafe numeric stats left blank. Club spell text in baseline: 1989-1999, 2002."
Oleh Holodyuk,Karpaty Lviv,2000s,CM,,,,,,https://www.allplayers.in.ua/ua/club/6 ; https://www.allplayers.in.ua/ua/team_squad/6/2013-2014,Medium,Could not reconstruct season-by-season statistics from supplied evidence. Source verifies candidate/club context or aggregate spell only; all unsafe numeric stats left blank. Club spell text in baseline: 2000s-2010s.
Oleh Holodyuk,Karpaty Lviv,2010s,CM,,,,,,https://www.allplayers.in.ua/ua/club/6 ; https://www.allplayers.in.ua/ua/team_squad/6/2013-2014,Medium,Could not reconstruct season-by-season statistics from supplied evidence. Source verifies candidate/club context or aggregate spell only; all unsafe numeric stats left blank. Club spell text in baseline: 2000s-2010s.
Oleksandr Gaydash,Tavriya Simferopol,1990s,FW,,,,,,https://www.allplayers.in.ua/ua/club/7 ; https://www.transfermarkt.com/oleksandr-gaydash/profil/spieler/183435,Medium,Could not reconstruct season-by-season statistics from supplied evidence. Source verifies candidate/club context or aggregate spell only; all unsafe numeric stats left blank. Club spell text in baseline: 1990s-2000s.
Yuriy Gudymenko,Tavriya Simferopol,1990s,FW,,,,,,https://www.allplayers.in.ua/ua/player/587 ; https://www.klisf.net/gamer450.htm,Medium,Could not reconstruct season-by-season statistics from supplied evidence. Source verifies candidate/club context or aggregate spell only; all unsafe numeric stats left blank. Club spell text in baseline: 1992-1993.
Serhiy Shevchenko,Tavriya Simferopol,1990s,FW,,,,,,https://en.wikipedia.org/wiki/1992_SC_Tavriya_Simferopol_season ; https://www.allplayers.in.ua/ru/match/13582,Low,Could not reconstruct season-by-season statistics from supplied evidence. Source verifies candidate/club context or aggregate spell only; all unsafe numeric stats left blank. Club spell text in baseline: 1992 season / early 1990s.
Tolyat Sheykhametov,Tavriya Simferopol,1990s,FW,,,,,,https://www.transfermarkt.com/sk-tavriya-simferopol/startseite/verein/2227/saison_id/1992 ; https://www.allplayers.in.ua/ru/match/13582,Low,Could not reconstruct season-by-season statistics from supplied evidence. Source verifies candidate/club context or aggregate spell only; all unsafe numeric stats left blank. Club spell text in baseline: 1992-1993.
Sergey Polstyanov,Tavriya Simferopol,1990s,FW,1,,,,1,https://www.transfermarkt.com/sk-tavriya-simferopol/startseite/verein/2227/saison_id/1992 ; https://www.allplayers.in.ua/ua/club_legioner/7,Medium,Generated season scaffold from exact club spell 1992/93; only safe numeric stats were aggregated. Blank cells mean season-level values were not reliably found.
Oleksandr Holovko,Tavriya Simferopol,1990s,CB,,,,,,https://en.wikipedia.org/wiki/1992_SC_Tavriya_Simferopol_season ; https://www.allplayers.in.ua/ua/eurocup_table_history/7,Medium,Could not reconstruct season-by-season statistics from supplied evidence. Source verifies candidate/club context or aggregate spell only; all unsafe numeric stats left blank. Club spell text in baseline: 1992 season / early 1990s.
Valentyn Platonov,Kryvbas Kryvyi Rig,1990s,MF/DF,,,,,,https://www.allplayers.in.ua/ua/team_players/10 ; https://fckryvbas.com/post/valentin-platonov-krivbasu-bude-vazhko-adzhe-viktoriya-dosvidchenii-yevropeiskii-boyec,Medium,Could not reconstruct season-by-season statistics from supplied evidence. Source verifies candidate/club context or aggregate spell only; all unsafe numeric stats left blank. Club spell text in baseline: 1996-2004.
Valentyn Platonov,Kryvbas Kryvyi Rig,2000s,MF/DF,,,,,,https://www.allplayers.in.ua/ua/team_players/10 ; https://fckryvbas.com/post/valentin-platonov-krivbasu-bude-vazhko-adzhe-viktoriya-dosvidchenii-yevropeiskii-boyec,Medium,Could not reconstruct season-by-season statistics from supplied evidence. Source verifies candidate/club context or aggregate spell only; all unsafe numeric stats left blank. Club spell text in baseline: 1996-2004.
Oleksandr Granovskyi,Kryvbas Kryvyi Rig,1990s,CB,,,,,,https://www.allplayers.in.ua/ua/team_players/10,Low,Could not reconstruct season-by-season statistics from supplied evidence. Source verifies candidate/club context or aggregate spell only; all unsafe numeric stats left blank. Club spell text in baseline: 1990s-2000s.
Oleksandr Granovskyi,Kryvbas Kryvyi Rig,2000s,CB,,,,,,https://www.allplayers.in.ua/ua/team_players/10,Low,Could not reconstruct season-by-season statistics from supplied evidence. Source verifies candidate/club context or aggregate spell only; all unsafe numeric stats left blank. Club spell text in baseline: 1990s-2000s.
Oleh Fedyukov,Volyn Lutsk,1990s,DF,,,,,,https://www.volynnews.com/news/sport/lutskomu-mateusu-sohodni-50-rokiv/ ; https://uk.wikipedia.org/wiki/Федюков_Олег_Іванович ; https://www.allplayers.in.ua/ua/team_players/17,Medium,"Could not reconstruct season-by-season statistics from supplied evidence. Source verifies candidate/club context or aggregate spell only; all unsafe numeric stats left blank. Club spell text in baseline: 1989-2003, with brief 1994 Karpaty spell."
Oleh Fedyukov,Volyn Lutsk,2000s,DF,,,,,,https://www.volynnews.com/news/sport/lutskomu-mateusu-sohodni-50-rokiv/ ; https://uk.wikipedia.org/wiki/Федюков_Олег_Іванович ; https://www.allplayers.in.ua/ua/team_players/17,Medium,"Could not reconstruct season-by-season statistics from supplied evidence. Source verifies candidate/club context or aggregate spell only; all unsafe numeric stats left blank. Club spell text in baseline: 1989-2003, with brief 1994 Karpaty spell."
Volodymyr Mozolyuk,Volyn Lutsk,1990s,FW,,,,,,https://www.allplayers.in.ua/ua/team_scorers/17 ; https://uk.wikipedia.org/wiki/Мозолюк_Володимир_Данилович,Medium,Could not reconstruct season-by-season statistics from supplied evidence. Source verifies candidate/club context or aggregate spell only; all unsafe numeric stats left blank. Club spell text in baseline: 1995-1996; 1997-2000 plus earlier Soviet/Ukraine years.
Vasyl Sachko,Volyn Lutsk,2000s,FW,,,,,,https://www.allplayers.in.ua/ua/team_scorers/17,Medium,Could not reconstruct season-by-season statistics from supplied evidence. Source verifies candidate/club context or aggregate spell only; all unsafe numeric stats left blank. Club spell text in baseline: 5 seasons.
Oleksandr Pyschur,Volyn Lutsk,2000s,FW,,,,,,https://www.allplayers.in.ua/ua/team_scorers/17,Medium,Could not reconstruct season-by-season statistics from supplied evidence. Source verifies candidate/club context or aggregate spell only; all unsafe numeric stats left blank. Club spell text in baseline: 7 seasons.
Oleksandr Pyschur,Volyn Lutsk,2010s,FW,,,,,,https://www.allplayers.in.ua/ua/team_scorers/17,Low,Could not reconstruct season-by-season statistics from supplied evidence. Source verifies candidate/club context or aggregate spell only; all unsafe numeric stats left blank. Club spell text in baseline: 7 seasons.
Ihor Luchkevych,Metalurg Zaporizhya,1990s,MF,,,,,,https://www.allplayers.in.ua/ru/club/11 ; https://www.fcmetalurg.com/club/history/v-chempionate-ukrainy/,Medium,Could not reconstruct season-by-season statistics from supplied evidence. Source verifies candidate/club context or aggregate spell only; all unsafe numeric stats left blank. Club spell text in baseline: 1990s.
Yuriy Markin,Metalurg Zaporizhya,1990s,DF,,,,,,https://www.allplayers.in.ua/ru/club/11 ; https://www.fcmetalurg.com/club/history/v-chempionate-ukrainy/,Medium,Could not reconstruct season-by-season statistics from supplied evidence. Source verifies candidate/club context or aggregate spell only; all unsafe numeric stats left blank. Club spell text in baseline: 1990s.
Serhiy Kliuchyk,Metalurg Zaporizhya,1990s,MF,,,,,,https://www.allplayers.in.ua/ru/club/11 ; https://www.fcmetalurg.com/club/history/v-chempionate-ukrainy/,Low,Could not reconstruct season-by-season statistics from supplied evidence. Source verifies candidate/club context or aggregate spell only; all unsafe numeric stats left blank. Club spell text in baseline: 1990s-2000s.
Andriy Demchenko,Metalurg Zaporizhya,1990s,MF,,,,,,https://www.allplayers.in.ua/ru/club/11,Low,Could not reconstruct season-by-season statistics from supplied evidence. Source verifies candidate/club context or aggregate spell only; all unsafe numeric stats left blank. Club spell text in baseline: 1990s-2000s.
Andriy Demchenko,Metalurg Zaporizhya,2000s,MF,,,,,,https://www.allplayers.in.ua/ru/club/11,Low,Could not reconstruct season-by-season statistics from supplied evidence. Source verifies candidate/club context or aggregate spell only; all unsafe numeric stats left blank. Club spell text in baseline: 1990s-2000s.
Anatoliy Mushchynka,Metalurg Zaporizhya,1990s,MF,,,,,,https://www.fcmetalurg.com/club/history/v-chempionate-ukrainy/ ; https://www.allplayers.in.ua/ua/club_national_player/11,Low,Could not reconstruct season-by-season statistics from supplied evidence. Source verifies candidate/club context or aggregate spell only; all unsafe numeric stats left blank. Club spell text in baseline: 1992 season / early 1990s.
Oleksandr Shovkovskyi,Dynamo Kyiv,1990s,GK,0,,,,7,https://www.allplayers.in.ua/ua/team_players/1,Medium,Generated season scaffold from exact club spell 1993/94-2016/17; only safe numeric stats were aggregated. Blank cells mean season-level values were not reliably found.
Oleksandr Shovkovskyi,Dynamo Kyiv,2000s,GK,0,,,,10,https://www.allplayers.in.ua/ua/team_players/1,Medium,Generated season scaffold from exact club spell 1993/94-2016/17; only safe numeric stats were aggregated. Blank cells mean season-level values were not reliably found.
Oleksandr Shovkovskyi,Dynamo Kyiv,2010s,GK,0,,,,7,https://www.allplayers.in.ua/ua/team_players/1,Medium,Generated season scaffold from exact club spell 1993/94-2016/17; only safe numeric stats were aggregated. Blank cells mean season-level values were not reliably found.
Oleg Gusev,Dynamo Kyiv,2000s,RM/RB,,,,,7,https://www.allplayers.in.ua/ua/team_players/1,Low,Generated season scaffold from exact club spell 2003/04-2016/17; only safe numeric stats were aggregated. Blank cells mean season-level values were not reliably found.
Oleg Gusev,Dynamo Kyiv,2010s,RM/RB,,,,,7,https://www.allplayers.in.ua/ua/team_players/1,Low,Generated season scaffold from exact club spell 2003/04-2016/17; only safe numeric stats were aggregated. Blank cells mean season-level values were not reliably found.
Vladyslav Vashchuk,Dynamo Kyiv,1990s,CB,,,,,,https://www.allplayers.in.ua/ua/team_players/1,Medium,Could not reconstruct season-by-season statistics from supplied evidence. Source verifies candidate/club context or aggregate spell only; all unsafe numeric stats left blank. Club spell text in baseline: 1993/94-2002/03; 2005/06-2007/08.
Vladyslav Vashchuk,Dynamo Kyiv,2000s,CB,,,,,,https://www.allplayers.in.ua/ua/team_players/1,Medium,Could not reconstruct season-by-season statistics from supplied evidence. Source verifies candidate/club context or aggregate spell only; all unsafe numeric stats left blank. Club spell text in baseline: 1993/94-2002/03; 2005/06-2007/08.
Serhiy Rebrov,Dynamo Kyiv,1990s,FW/AM,,,,,,https://www.allplayers.in.ua/ua/team_players/1,Medium,Could not reconstruct season-by-season statistics from supplied evidence. Source verifies candidate/club context or aggregate spell only; all unsafe numeric stats left blank. Club spell text in baseline: 1992/93-1999/00; 2005/06-2007/08.
Serhiy Rebrov,Dynamo Kyiv,2000s,FW/AM,,,,,,https://www.allplayers.in.ua/ua/team_players/1,Medium,Could not reconstruct season-by-season statistics from supplied evidence. Source verifies candidate/club context or aggregate spell only; all unsafe numeric stats left blank. Club spell text in baseline: 1992/93-1999/00; 2005/06-2007/08.
Andriy Nesmachnyi,Dynamo Kyiv,1990s,LB,,,,,3,https://www.allplayers.in.ua/ua/team_players/1,Low,Generated season scaffold from exact club spell 1997/98-2010/11; only safe numeric stats were aggregated. Blank cells mean season-level values were not reliably found.
Andriy Nesmachnyi,Dynamo Kyiv,2000s,LB,,,,,10,https://www.allplayers.in.ua/ua/team_players/1,Low,Generated season scaffold from exact club spell 1997/98-2010/11; only safe numeric stats were aggregated. Blank cells mean season-level values were not reliably found.
Andriy Nesmachnyi,Dynamo Kyiv,2010s,LB,,,,,1,https://www.allplayers.in.ua/ua/team_players/1,Low,Generated season scaffold from exact club spell 1997/98-2010/11; only safe numeric stats were aggregated. Blank cells mean season-level values were not reliably found.
Valentyn Belkevych,Dynamo Kyiv,1990s,AM/CM,,,,,4,https://www.allplayers.in.ua/ua/team_players/1,Low,Generated season scaffold from exact club spell 1996/97-2007/08; only safe numeric stats were aggregated. Blank cells mean season-level values were not reliably found.
Valentyn Belkevych,Dynamo Kyiv,2000s,AM/CM,,,,,8,https://www.allplayers.in.ua/ua/team_players/1,Low,Generated season scaffold from exact club spell 1996/97-2007/08; only safe numeric stats were aggregated. Blank cells mean season-level values were not reliably found.
Andriy Husin,Dynamo Kyiv,1990s,CM/DM,,,,,7,https://www.allplayers.in.ua/ua/team_players/1,Low,Generated season scaffold from exact club spell 1993/94-2004/05; only safe numeric stats were aggregated. Blank cells mean season-level values were not reliably found.
Andriy Husin,Dynamo Kyiv,2000s,CM/DM,,,,,5,https://www.allplayers.in.ua/ua/team_players/1,Low,Generated season scaffold from exact club spell 1993/94-2004/05; only safe numeric stats were aggregated. Blank cells mean season-level values were not reliably found.
Yuriy Kalitvintsev,Dynamo Kyiv,1990s,AM/CM,,,,,6,https://www.allplayers.in.ua/ua/team_players/1,Low,Generated season scaffold from exact club spell 1994/95-1999/00; only safe numeric stats were aggregated. Blank cells mean season-level values were not reliably found.
Yuriy Kalitvintsev,Dynamo Kyiv,2000s,AM/CM,,,,,0,https://www.allplayers.in.ua/ua/team_players/1,Low,"Exact club spell 1994/95-1999/00 does not produce seasons inside requested decade under season-start-year rule; keep row for audit, but do not import without manual review."
Vitaliy Kosovskyi,Dynamo Kyiv,1990s,LM,,,,,6,https://www.allplayers.in.ua/ua/team_players/1,Low,Generated season scaffold from exact club spell 1994/95-2002/03; only safe numeric stats were aggregated. Blank cells mean season-level values were not reliably found.
Vitaliy Kosovskyi,Dynamo Kyiv,2000s,LM,,,,,3,https://www.allplayers.in.ua/ua/team_players/1,Low,Generated season scaffold from exact club spell 1994/95-2002/03; only safe numeric stats were aggregated. Blank cells mean season-level values were not reliably found.
Serhiy Fedorov,Dynamo Kyiv,1990s,CB/RB,,,,,8,https://www.allplayers.in.ua/ua/team_players/1,Low,Generated season scaffold from exact club spell 1992/93-2008/09; only safe numeric stats were aggregated. Blank cells mean season-level values were not reliably found.
Serhiy Fedorov,Dynamo Kyiv,2000s,CB/RB,,,,,9,https://www.allplayers.in.ua/ua/team_players/1,Low,Generated season scaffold from exact club spell 1992/93-2008/09; only safe numeric stats were aggregated. Blank cells mean season-level values were not reliably found.
Yuriy Dmytrulin,Dynamo Kyiv,1990s,LB/CB,,,,,8,https://www.allplayers.in.ua/ua/team_players/1,Low,Generated season scaffold from exact club spell 1992/93-2004/05; only safe numeric stats were aggregated. Blank cells mean season-level values were not reliably found.
Yuriy Dmytrulin,Dynamo Kyiv,2000s,LB/CB,,,,,5,https://www.allplayers.in.ua/ua/team_players/1,Low,Generated season scaffold from exact club spell 1992/93-2004/05; only safe numeric stats were aggregated. Blank cells mean season-level values were not reliably found.
Taras Mykhalyk,Dynamo Kyiv,2000s,CB/DM,,,,,4,https://www.allplayers.in.ua/ua/team_players/1,Low,Generated season scaffold from exact club spell 2006/07-2012/13; only safe numeric stats were aggregated. Blank cells mean season-level values were not reliably found.
Taras Mykhalyk,Dynamo Kyiv,2010s,CB/DM,,,,,3,https://www.allplayers.in.ua/ua/team_players/1,Low,Generated season scaffold from exact club spell 2006/07-2012/13; only safe numeric stats were aggregated. Blank cells mean season-level values were not reliably found.
Florin Cernat,Dynamo Kyiv,2000s,AM,,,,,8,https://www.allplayers.in.ua/ua/team_players/1,Low,Generated season scaffold from exact club spell 2001/02-2008/09; only safe numeric stats were aggregated. Blank cells mean season-level values were not reliably found.
Diogo Rincon,Dynamo Kyiv,2000s,AM/FW,,,,,6,https://www.allplayers.in.ua/ua/team_players/1,Low,Generated season scaffold from exact club spell 2002/03-2007/08; only safe numeric stats were aggregated. Blank cells mean season-level values were not reliably found.
Mikola Shaparenko,Dynamo Kyiv,2010s,CM/AM,,,,,,https://www.allplayers.in.ua/ua/team_players/1,Medium,Could not reconstruct season-by-season statistics from supplied evidence. Source verifies candidate/club context or aggregate spell only; all unsafe numeric stats left blank. Club spell text in baseline: 2017/18-present.
Mikola Shaparenko,Dynamo Kyiv,2020s,CM/AM,,,,,,https://www.allplayers.in.ua/ua/team_players/1,Medium,Could not reconstruct season-by-season statistics from supplied evidence. Source verifies candidate/club context or aggregate spell only; all unsafe numeric stats left blank. Club spell text in baseline: 2017/18-present.
Viktor Tsygankov,Dynamo Kyiv,2010s,RM/AM,,,,,4,https://www.allplayers.in.ua/ua/team_players/1,Low,Generated season scaffold from exact club spell 2016/17-2022/23; only safe numeric stats were aggregated. Blank cells mean season-level values were not reliably found.
Viktor Tsygankov,Dynamo Kyiv,2020s,RM/AM,,,,,3,https://www.allplayers.in.ua/ua/team_players/1,Low,Generated season scaffold from exact club spell 2016/17-2022/23; only safe numeric stats were aggregated. Blank cells mean season-level values were not reliably found.
Vitaliy Buyalskyi,Dynamo Kyiv,2010s,CM/AM,,,,,,https://www.allplayers.in.ua/ua/team_players/1,Medium,Could not reconstruct season-by-season statistics from supplied evidence. Source verifies candidate/club context or aggregate spell only; all unsafe numeric stats left blank. Club spell text in baseline: 2013/14-present.
Vitaliy Buyalskyi,Dynamo Kyiv,2020s,CM/AM,,,,,,https://www.allplayers.in.ua/ua/team_players/1,Medium,Could not reconstruct season-by-season statistics from supplied evidence. Source verifies candidate/club context or aggregate spell only; all unsafe numeric stats left blank. Club spell text in baseline: 2013/14-present.
Anatoliy Tymoshchuk,Shakhtar Donetsk,1990s,DM/CM,,,,,3,https://www.allplayers.in.ua/ua/team_players/2,Low,Generated season scaffold from exact club spell 1997/98-2006/07; only safe numeric stats were aggregated. Blank cells mean season-level values were not reliably found.
Anatoliy Tymoshchuk,Shakhtar Donetsk,2000s,DM/CM,,,,,7,https://www.allplayers.in.ua/ua/team_players/2,Low,Generated season scaffold from exact club spell 1997/98-2006/07; only safe numeric stats were aggregated. Blank cells mean season-level values were not reliably found.
Brandao,Shakhtar Donetsk,2000s,FW,,,,,7,https://www.allplayers.in.ua/ua/team_players/2,Low,Generated season scaffold from exact club spell 2002/03-2008/09; only safe numeric stats were aggregated. Blank cells mean season-level values were not reliably found.
Gennadiy Zubov,Shakhtar Donetsk,1990s,RM/AM,,,,,6,https://www.allplayers.in.ua/ua/team_players/2,Low,Generated season scaffold from exact club spell 1994/95-2003/04; only safe numeric stats were aggregated. Blank cells mean season-level values were not reliably found.
Gennadiy Zubov,Shakhtar Donetsk,2000s,RM/AM,,,,,4,https://www.allplayers.in.ua/ua/team_players/2,Low,Generated season scaffold from exact club spell 1994/95-2003/04; only safe numeric stats were aggregated. Blank cells mean season-level values were not reliably found.
Serhiy Atelkin,Shakhtar Donetsk,1990s,FW,,,,,,https://www.allplayers.in.ua/ua/team_players/2,Medium,Could not reconstruct season-by-season statistics from supplied evidence. Source verifies candidate/club context or aggregate spell only; all unsafe numeric stats left blank. Club spell text in baseline: 1992-1997; 2000-2002.
Serhiy Atelkin,Shakhtar Donetsk,2000s,FW,,,,,,https://www.allplayers.in.ua/ua/team_players/2,Medium,Could not reconstruct season-by-season statistics from supplied evidence. Source verifies candidate/club context or aggregate spell only; all unsafe numeric stats left blank. Club spell text in baseline: 1992-1997; 2000-2002.
Oleg Matveev,Shakhtar Donetsk,1990s,FW,,,,,,https://www.allplayers.in.ua/ua/team_players/2,Medium,Could not reconstruct season-by-season statistics from supplied evidence. Source verifies candidate/club context or aggregate spell only; all unsafe numeric stats left blank. Club spell text in baseline: 1992-1999.
Olexiy Belik,Shakhtar Donetsk,2000s,FW,,,,,8,https://www.allplayers.in.ua/ua/team_players/2,Low,Generated season scaffold from exact club spell 1999/00-2007/08; only safe numeric stats were aggregated. Blank cells mean season-level values were not reliably found.
Elano,Shakhtar Donetsk,2000s,CM/AM,,,,,3,https://www.allplayers.in.ua/ua/team_players/2,Low,Generated season scaffold from exact club spell 2004/05-2006/07; only safe numeric stats were aggregated. Blank cells mean season-level values were not reliably found.
Mariusz Lewandowski,Shakhtar Donetsk,2000s,DM/CB,,,,,9,https://www.allplayers.in.ua/ua/team_players/2,Low,Generated season scaffold from exact club spell 2001/02-2009/10; only safe numeric stats were aggregated. Blank cells mean season-level values were not reliably found.
Mariusz Lewandowski,Shakhtar Donetsk,2010s,DM/CB,,,,,0,https://www.allplayers.in.ua/ua/team_players/2,Low,"Exact club spell 2001/02-2009/10 does not produce seasons inside requested decade under season-start-year rule; keep row for audit, but do not import without manual review."
Serhiy Valyayev,Metalist Kharkiv,2000s,CM/DM,,,,,5,https://www.allplayers.in.ua/ua/team_players/4,Low,Generated season scaffold from exact club spell 2005/06-2011/12; only safe numeric stats were aggregated. Blank cells mean season-level values were not reliably found.
Serhiy Valyayev,Metalist Kharkiv,2010s,CM/DM,,,,,2,https://www.allplayers.in.ua/ua/team_players/4,Low,Generated season scaffold from exact club spell 2005/06-2011/12; only safe numeric stats were aggregated. Blank cells mean season-level values were not reliably found.
Vadym Goldin,Metalist Kharkiv,1990s,MF,,,,,,https://www.allplayers.in.ua/ua/team_players/4,Low,Could not reconstruct season-by-season statistics from supplied evidence. Source verifies candidate/club context or aggregate spell only; all unsafe numeric stats left blank. Club spell text in baseline: 1990s-2000s.
Vadym Goldin,Metalist Kharkiv,2000s,MF,,,,,,https://www.allplayers.in.ua/ua/team_players/4,Low,Could not reconstruct season-by-season statistics from supplied evidence. Source verifies candidate/club context or aggregate spell only; all unsafe numeric stats left blank. Club spell text in baseline: 1990s-2000s.
Oleksiy Godin,Metalurg Zaporizhya,2000s,CM/AM,,,,,10,https://www.allplayers.in.ua/ua/team_players/11,Low,Generated season scaffold from exact club spell 2000/01-2014/15; only safe numeric stats were aggregated. Blank cells mean season-level values were not reliably found.
Oleksiy Godin,Metalurg Zaporizhya,2010s,CM/AM,,,,,5,https://www.allplayers.in.ua/ua/team_players/11,Low,Generated season scaffold from exact club spell 2000/01-2014/15; only safe numeric stats were aggregated. Blank cells mean season-level values were not reliably found.
Dmytro Nevmyvaka,Metalurg Zaporizhya,2000s,CB,,,,,5,https://www.allplayers.in.ua/ua/team_players/11,Low,Generated season scaffold from exact club spell 2005/06-2014/15; only safe numeric stats were aggregated. Blank cells mean season-level values were not reliably found.
Dmytro Nevmyvaka,Metalurg Zaporizhya,2010s,CB,,,,,5,https://www.allplayers.in.ua/ua/team_players/11,Low,Generated season scaffold from exact club spell 2005/06-2014/15; only safe numeric stats were aggregated. Blank cells mean season-level values were not reliably found.
Volodymyr Polevyi,Metalurg Zaporizhya,2000s,LB/LM,,,,,2,https://www.allplayers.in.ua/ua/team_players/11,Low,Generated season scaffold from exact club spell 2008/09-2013/14; only safe numeric stats were aggregated. Blank cells mean season-level values were not reliably found.
Volodymyr Polevyi,Metalurg Zaporizhya,2010s,LB/LM,,,,,4,https://www.allplayers.in.ua/ua/team_players/11,Low,Generated season scaffold from exact club spell 2008/09-2013/14; only safe numeric stats were aggregated. Blank cells mean season-level values were not reliably found.
Tymerlan Huseynov,Chornomorets Odesa,1990s,FW,,,,,5,https://www.allplayers.in.ua/ua/team_players/5,Low,Generated season scaffold from exact club spell 1993/94-1997/98; only safe numeric stats were aggregated. Blank cells mean season-level values were not reliably found.
Yuriy Nikiforov,Chornomorets Odesa,1990s,CB,,,,,,https://www.allplayers.in.ua/ua/team_players/5,Low,Could not reconstruct season-by-season statistics from supplied evidence. Source verifies candidate/club context or aggregate spell only; all unsafe numeric stats left blank. Club spell text in baseline: 1992-1993.
Ihor Zhabchenko,Chornomorets Odesa,1990s,MF,,,,,,https://www.allplayers.in.ua/ua/team_players/5,Low,Could not reconstruct season-by-season statistics from supplied evidence. Source verifies candidate/club context or aggregate spell only; all unsafe numeric stats left blank. Club spell text in baseline: 1990s.
Olexandr Kosyrin,Chornomorets Odesa,2000s,FW,,,,,,https://www.allplayers.in.ua/ua/team_players/5,Medium,Could not reconstruct season-by-season statistics from supplied evidence. Source verifies candidate/club context or aggregate spell only; all unsafe numeric stats left blank. Club spell text in baseline: 2000s-2010s.
Olexandr Kosyrin,Chornomorets Odesa,2010s,FW,,,,,,https://www.allplayers.in.ua/ua/team_players/5,Medium,Could not reconstruct season-by-season statistics from supplied evidence. Source verifies candidate/club context or aggregate spell only; all unsafe numeric stats left blank. Club spell text in baseline: 2000s-2010s.
Ihor Khudobyak,Karpaty Lviv,2000s,AM/CM,,,,,5,https://www.allplayers.in.ua/ua/team_players/6,Low,Generated season scaffold from exact club spell 2005/06-2016/17; only safe numeric stats were aggregated. Blank cells mean season-level values were not reliably found.
Ihor Khudobyak,Karpaty Lviv,2010s,AM/CM,,,,,7,https://www.allplayers.in.ua/ua/team_players/6,Low,Generated season scaffold from exact club spell 2005/06-2016/17; only safe numeric stats were aggregated. Blank cells mean season-level values were not reliably found.
Serhiy Kuznetsov,Karpaty Lviv,2000s,FW,,,,,2,https://www.allplayers.in.ua/ua/team_players/6,Low,Generated season scaffold from exact club spell 2008/09-2011/12; only safe numeric stats were aggregated. Blank cells mean season-level values were not reliably found.
Serhiy Kuznetsov,Karpaty Lviv,2010s,FW,,,,,2,https://www.allplayers.in.ua/ua/team_players/6,Low,Generated season scaffold from exact club spell 2008/09-2011/12; only safe numeric stats were aggregated. Blank cells mean season-level values were not reliably found.
Hennadiy Medvedyev,Vorskla Poltava,1990s,CB,,,,,,https://www.allplayers.in.ua/ua/team_players/8,Medium,Could not reconstruct season-by-season statistics from supplied evidence. Source verifies candidate/club context or aggregate spell only; all unsafe numeric stats left blank. Club spell text in baseline: 1990s-2000s.
Hennadiy Medvedyev,Vorskla Poltava,2000s,CB,,,,,,https://www.allplayers.in.ua/ua/team_players/8,Medium,Could not reconstruct season-by-season statistics from supplied evidence. Source verifies candidate/club context or aggregate spell only; all unsafe numeric stats left blank. Club spell text in baseline: 1990s-2000s.
Serhiy Dolhanskyi,Vorskla Poltava,2000s,GK,,,,,,https://www.allplayers.in.ua/ua/team_players/8,Medium,Could not reconstruct season-by-season statistics from supplied evidence. Source verifies candidate/club context or aggregate spell only; all unsafe numeric stats left blank. Club spell text in baseline: 2000s-2010s.
Serhiy Dolhanskyi,Vorskla Poltava,2010s,GK,,,,,,https://www.allplayers.in.ua/ua/team_players/8,Medium,Could not reconstruct season-by-season statistics from supplied evidence. Source verifies candidate/club context or aggregate spell only; all unsafe numeric stats left blank. Club spell text in baseline: 2000s-2010s.
Andriy Pylyavskyi,Vorskla Poltava,2010s,CB,,,,,,https://www.allplayers.in.ua/ua/team_players/8,Low,Could not reconstruct season-by-season statistics from supplied evidence. Source verifies candidate/club context or aggregate spell only; all unsafe numeric stats left blank. Club spell text in baseline: 2010s.
Vyacheslav Checher,Metalurg Donetsk (- 2015),2000s,CB,,,,,,https://www.allplayers.in.ua/ua/team_players/9,Medium,Could not reconstruct season-by-season statistics from supplied evidence. Source verifies candidate/club context or aggregate spell only; all unsafe numeric stats left blank. Club spell text in baseline: 2000s-2010s.
Vyacheslav Checher,Metalurg Donetsk (- 2015),2010s,CB,,,,,,https://www.allplayers.in.ua/ua/team_players/9,Medium,Could not reconstruct season-by-season statistics from supplied evidence. Source verifies candidate/club context or aggregate spell only; all unsafe numeric stats left blank. Club spell text in baseline: 2000s-2010s.
Serhiy Shyshchenko,Metalurg Donetsk (- 2015),1990s,AM/FW,,,,,,https://www.allplayers.in.ua/ua/team_players/9,Medium,Could not reconstruct season-by-season statistics from supplied evidence. Source verifies candidate/club context or aggregate spell only; all unsafe numeric stats left blank. Club spell text in baseline: 1990s-2000s.
Serhiy Shyshchenko,Metalurg Donetsk (- 2015),2000s,AM/FW,,,,,,https://www.allplayers.in.ua/ua/team_players/9,Medium,Could not reconstruct season-by-season statistics from supplied evidence. Source verifies candidate/club context or aggregate spell only; all unsafe numeric stats left blank. Club spell text in baseline: 1990s-2000s.
Djordje Lazic,Metalurg Donetsk (- 2015),2000s,CM,,,,,2,https://www.allplayers.in.ua/ua/team_players/9,Low,Generated season scaffold from exact club spell 2008/09-2012/13; only safe numeric stats were aggregated. Blank cells mean season-level values were not reliably found.
Djordje Lazic,Metalurg Donetsk (- 2015),2010s,CM,,,,,3,https://www.allplayers.in.ua/ua/team_players/9,Low,Generated season scaffold from exact club spell 2008/09-2012/13; only safe numeric stats were aggregated. Blank cells mean season-level values were not reliably found.
Sergiy Tkachenko,Metalurg Donetsk (- 2015),2000s,GK,,,,,,https://www.allplayers.in.ua/ua/team_players/9,Low,Could not reconstruct season-by-season statistics from supplied evidence. Source verifies candidate/club context or aggregate spell only; all unsafe numeric stats left blank. Club spell text in baseline: 2000s.
Serhiy Zakarlyuka,Arsenal Kyiv ( -2019),2000s,AM/CM,,,,,,https://www.allplayers.in.ua/ua/team_players/16,Medium,Could not reconstruct season-by-season statistics from supplied evidence. Source verifies candidate/club context or aggregate spell only; all unsafe numeric stats left blank. Club spell text in baseline: 2000s-2010s.
Serhiy Zakarlyuka,Arsenal Kyiv ( -2019),2010s,AM/CM,,,,,,https://www.allplayers.in.ua/ua/team_players/16,Medium,Could not reconstruct season-by-season statistics from supplied evidence. Source verifies candidate/club context or aggregate spell only; all unsafe numeric stats left blank. Club spell text in baseline: 2000s-2010s.
Eduard Tsykhmeystruk,Arsenal Kyiv ( -2019),2000s,CM,,,,,,https://www.allplayers.in.ua/ua/team_players/16,Low,Could not reconstruct season-by-season statistics from supplied evidence. Source verifies candidate/club context or aggregate spell only; all unsafe numeric stats left blank. Club spell text in baseline: 2000s.
Vasyl Hrytsuk,PFC Oleksandriya,2010s,AM/CM,,,,,,https://www.allplayers.in.ua/ua/team_players/25,Medium,Could not reconstruct season-by-season statistics from supplied evidence. Source verifies candidate/club context or aggregate spell only; all unsafe numeric stats left blank. Club spell text in baseline: 2010s-2020s.
Yevhen Banada,PFC Oleksandriya,2010s,DM/CM,,,,,,https://www.allplayers.in.ua/ua/team_players/25,Medium,Could not reconstruct season-by-season statistics from supplied evidence. Source verifies candidate/club context or aggregate spell only; all unsafe numeric stats left blank. Club spell text in baseline: 2010s-2020s.
Serhiy Loginov,SC Dnipro-1,2010s,CB,,,,,3,https://www.allplayers.in.ua/ua/team_players/3056,Low,Generated season scaffold from exact club spell 2017/18-2022/23; only safe numeric stats were aggregated. Blank cells mean season-level values were not reliably found.
Serhiy Loginov,SC Dnipro-1,2020s,CB,,,,,3,https://www.allplayers.in.ua/ua/team_players/3056,Low,Generated season scaffold from exact club spell 2017/18-2022/23; only safe numeric stats were aggregated. Blank cells mean season-level values were not reliably found.
Ihor Kohut,SC Dnipro-1,2010s,CM,,,,,3,https://www.allplayers.in.ua/ua/team_players/3056,Low,Generated season scaffold from exact club spell 2017/18-2022/23; only safe numeric stats were aggregated. Blank cells mean season-level values were not reliably found.
Ihor Kohut,SC Dnipro-1,2020s,CM,,,,,3,https://www.allplayers.in.ua/ua/team_players/3056,Low,Generated season scaffold from exact club spell 2017/18-2022/23; only safe numeric stats were aggregated. Blank cells mean season-level values were not reliably found.
Oleksandr Nazarenko,SC Dnipro-1,2010s,LW/RW,,,,,3,https://www.allplayers.in.ua/ua/team_players/3056,Low,Generated season scaffold from exact club spell 2017/18-2022/23; only safe numeric stats were aggregated. Blank cells mean season-level values were not reliably found.
Oleksandr Nazarenko,SC Dnipro-1,2020s,LW/RW,,,,,3,https://www.allplayers.in.ua/ua/team_players/3056,Low,Generated season scaffold from exact club spell 2017/18-2022/23; only safe numeric stats were aggregated. Blank cells mean season-level values were not reliably found.
Tiberiu Ghioane,Dynamo Kyiv,2000s,Midfielder,,,,,9,https://www.allplayers.in.ua/ua/team_players/1 ; https://www.allplayers.in.ua/ua/club_legioner/1,Low,Generated season scaffold from exact club spell 2001/02-2010/11; only safe numeric stats were aggregated. Blank cells mean season-level values were not reliably found.
Tiberiu Ghioane,Dynamo Kyiv,2010s,Midfielder,,,,,1,https://www.allplayers.in.ua/ua/team_players/1 ; https://www.allplayers.in.ua/ua/club_legioner/1,Low,Generated season scaffold from exact club spell 2001/02-2010/11; only safe numeric stats were aggregated. Blank cells mean season-level values were not reliably found.
Badr El Kaddouri,Dynamo Kyiv,2000s,Defender,,,,,8,https://www.allplayers.in.ua/ua/team_players/1 ; https://www.allplayers.in.ua/ua/legioner_scorers,Low,Generated season scaffold from exact club spell 2002/03-2011/12; only safe numeric stats were aggregated. Blank cells mean season-level values were not reliably found.
Badr El Kaddouri,Dynamo Kyiv,2010s,Defender,,,,,2,https://www.allplayers.in.ua/ua/team_players/1 ; https://www.allplayers.in.ua/ua/legioner_scorers,Low,Generated season scaffold from exact club spell 2002/03-2011/12; only safe numeric stats were aggregated. Blank cells mean season-level values were not reliably found.
Oleksandr Aliyev,Dynamo Kyiv,2000s,Midfielder,,,,,5,https://www.allplayers.in.ua/ua/team_players/1 ; https://www.allplayers.in.ua/ua/club_national_player/1,Low,Generated season scaffold from exact club spell 2005/06-2010/11; only safe numeric stats were aggregated. Blank cells mean season-level values were not reliably found.
Oleksandr Aliyev,Dynamo Kyiv,2010s,Midfielder,,,,,1,https://www.allplayers.in.ua/ua/team_players/1 ; https://www.allplayers.in.ua/ua/club_national_player/1,Low,Generated season scaffold from exact club spell 2005/06-2010/11; only safe numeric stats were aggregated. Blank cells mean season-level values were not reliably found.
Artem Besyedin,Dynamo Kyiv,2010s,Forward,,,,,4,https://www.allplayers.in.ua/ua/team_players/1 ; https://www.allplayers.in.ua/ua/club_national_player/1,Low,Generated season scaffold from exact club spell 2016/17-2021/22; only safe numeric stats were aggregated. Blank cells mean season-level values were not reliably found.
Artem Besyedin,Dynamo Kyiv,2020s,Forward,,,,,2,https://www.allplayers.in.ua/ua/team_players/1 ; https://www.allplayers.in.ua/ua/club_national_player/1,Low,Generated season scaffold from exact club spell 2016/17-2021/22; only safe numeric stats were aggregated. Blank cells mean season-level values were not reliably found.
Volodymyr Shepelev,Dynamo Kyiv,2010s,Midfielder,,,,,,https://www.allplayers.in.ua/ua/player/4018 ; https://www.allplayers.in.ua/ua/team_players/1,Low,Could not reconstruct season-by-season statistics from supplied evidence. Source verifies candidate/club context or aggregate spell only; all unsafe numeric stats left blank. Club spell text in baseline: 2016/17-present.
Volodymyr Shepelev,Dynamo Kyiv,2020s,Midfielder,,,,,,https://www.allplayers.in.ua/ua/player/4018 ; https://www.allplayers.in.ua/ua/team_players/1,Low,Could not reconstruct season-by-season statistics from supplied evidence. Source verifies candidate/club context or aggregate spell only; all unsafe numeric stats left blank. Club spell text in baseline: 2016/17-present.
Yevhen Cheberyachko,Dnipro Dnipropetrovsk (- 2020),2010s,Defender,,,,,7,https://www.allplayers.in.ua/ua/team_players/3 ; https://fcdnipro.com/news/30-znakovyh-gravcziv-dnipra.html,Low,Generated season scaffold from exact club spell 2009/10-2016/17; only safe numeric stats were aggregated. Blank cells mean season-level values were not reliably found.
Vitaliy Mandzyuk,Dnipro Dnipropetrovsk (- 2020),2000s,Defender,,,,,1,https://www.allplayers.in.ua/ua/team_players/3,Low,Generated season scaffold from exact club spell 2009/10-2014/15; only safe numeric stats were aggregated. Blank cells mean season-level values were not reliably found.
Vitaliy Mandzyuk,Dnipro Dnipropetrovsk (- 2020),2010s,Defender,,,,,5,https://www.allplayers.in.ua/ua/team_players/3,Low,Generated season scaffold from exact club spell 2009/10-2014/15; only safe numeric stats were aggregated. Blank cells mean season-level values were not reliably found.
Ivan Strinic,Dnipro Dnipropetrovsk (- 2020),2010s,Defender,,,,,5,https://www.allplayers.in.ua/ua/team_players/3 ; https://fcdnipro.com/news/30-znakovyh-gravcziv-dnipra.html,Low,Generated season scaffold from exact club spell 2010/11-2014/15; only safe numeric stats were aggregated. Blank cells mean season-level values were not reliably found.
Jan Lastuvka,Dnipro Dnipropetrovsk (- 2020),2000s,Goalkeeper,0,,,,1,https://www.allplayers.in.ua/ua/team_players/3,Medium,Generated season scaffold from exact club spell 2009/10-2015/16; only safe numeric stats were aggregated. Blank cells mean season-level values were not reliably found.
Jan Lastuvka,Dnipro Dnipropetrovsk (- 2020),2010s,Goalkeeper,0,,,,6,https://www.allplayers.in.ua/ua/team_players/3,Medium,Generated season scaffold from exact club spell 2009/10-2015/16; only safe numeric stats were aggregated. Blank cells mean season-level values were not reliably found.
Artem Fedetskyi,Dnipro Dnipropetrovsk (- 2020),2010s,Defender,,,,,4,https://www.allplayers.in.ua/ua/team_players/3 ; https://fcdnipro.com/news/30-znakovyh-gravcziv-dnipra.html,Low,Generated season scaffold from exact club spell 2012/13-2015/16; only safe numeric stats were aggregated. Blank cells mean season-level values were not reliably found.
Samuel Inkoom,Dnipro Dnipropetrovsk (- 2020),2010s,Defender,,,,,3,https://www.allplayers.in.ua/ua/team_players/3,Low,Generated season scaffold from exact club spell 2011/12-2013/14; only safe numeric stats were aggregated. Blank cells mean season-level values were not reliably found.
Matheus,Dnipro Dnipropetrovsk (- 2020),2010s,Forward,,,,,5,https://www.allplayers.in.ua/ua/team_scorers/3,Low,Generated season scaffold from exact club spell 2011/12-2015/16; only safe numeric stats were aggregated. Blank cells mean season-level values were not reliably found.
Leo Matos,Dnipro Dnipropetrovsk (- 2020),2010s,Defender,,,,,5,https://www.allplayers.in.ua/ua/team_players/3,Low,Generated season scaffold from exact club spell 2010/11-2014/15; only safe numeric stats were aggregated. Blank cells mean season-level values were not reliably found.
Serhiy Mizin,Metalist Kharkiv,2000s,Midfielder,,,,,4,https://www.allplayers.in.ua/ua/team_players/4 ; https://uk.wikipedia.org/wiki/Суперництво_футбольних_клубів_«Дніпро»_та_«Металіст»,Low,Generated season scaffold from exact club spell 2001/02-2004/05; only safe numeric stats were aggregated. Blank cells mean season-level values were not reliably found.
Andriy Bordiyan,Metalist Kharkiv,2000s,Defender,,,,,4,https://www.allplayers.in.ua/ua/team_players/4,Low,Generated season scaffold from exact club spell 2006/07-2013/14; only safe numeric stats were aggregated. Blank cells mean season-level values were not reliably found.
Andriy Bordiyan,Metalist Kharkiv,2010s,Defender,,,,,4,https://www.allplayers.in.ua/ua/team_players/4,Low,Generated season scaffold from exact club spell 2006/07-2013/14; only safe numeric stats were aggregated. Blank cells mean season-level values were not reliably found.
Oleksandr Yaroshenko,Metalist Kharkiv,2000s,Midfielder,,,,,4,https://www.allplayers.in.ua/ua/team_players/4,Low,Generated season scaffold from exact club spell 2005/06-2008/09; only safe numeric stats were aggregated. Blank cells mean season-level values were not reliably found.
Roman Shandruk,Metalist Kharkiv,2000s,Defender,,,,,4,https://www.allplayers.in.ua/ua/team_players/4,Low,Generated season scaffold from exact club spell 2005/06-2008/09; only safe numeric stats were aggregated. Blank cells mean season-level values were not reliably found.
Vitaliy Levchenko,Arsenal Kyiv ( -2019),2000s,Midfielder,,,,,7,https://www.allplayers.in.ua/ua/team_players/16,Low,Generated season scaffold from exact club spell 2002/03-2008/09; only safe numeric stats were aggregated. Blank cells mean season-level values were not reliably found.
Serhiy Symonenko,Arsenal Kyiv ( -2019),2000s,Defender,,,,,6,https://www.allplayers.in.ua/ua/team_players/16,Low,Generated season scaffold from exact club spell 2002/03-2007/08; only safe numeric stats were aggregated. Blank cells mean season-level values were not reliably found.
Andriy Khomin,Arsenal Kyiv ( -2019),2000s,Defender,,,,,5,https://www.allplayers.in.ua/ua/team_players/16,Low,Generated season scaffold from exact club spell 2001/02-2005/06; only safe numeric stats were aggregated. Blank cells mean season-level values were not reliably found.
Oleksandr Hrytsay,Arsenal Kyiv ( -2019),2000s,Midfielder,,,,,1,https://www.allplayers.in.ua/ua/team_players/16 ; https://www.allplayers.in.ua/ua/team_squad/16/2009-2010,Low,Generated season scaffold from exact club spell 2009/10-2013/14; only safe numeric stats were aggregated. Blank cells mean season-level values were not reliably found.
Oleksandr Hrytsay,Arsenal Kyiv ( -2019),2010s,Midfielder,,,,,4,https://www.allplayers.in.ua/ua/team_players/16 ; https://www.allplayers.in.ua/ua/team_squad/16/2009-2010,Low,Generated season scaffold from exact club spell 2009/10-2013/14; only safe numeric stats were aggregated. Blank cells mean season-level values were not reliably found.
Mykyta Kamenyuka,Zorya Lugansk,2000s,Defender,,,,,3,https://www.allplayers.in.ua/ua/team_players/13,Low,Generated season scaffold from exact club spell 2007/08-2018/19; only safe numeric stats were aggregated. Blank cells mean season-level values were not reliably found.
Mykyta Kamenyuka,Zorya Lugansk,2010s,Defender,,,,,9,https://www.allplayers.in.ua/ua/team_players/13,Low,Generated season scaffold from exact club spell 2007/08-2018/19; only safe numeric stats were aggregated. Blank cells mean season-level values were not reliably found.
Zeljko Ljubenovic,Zorya Lugansk,2010s,Midfielder,,,,,6,https://www.allplayers.in.ua/ua/team_players/13,Low,Generated season scaffold from exact club spell 2012/13-2017/18; only safe numeric stats were aggregated. Blank cells mean season-level values were not reliably found.
Oleksandr Karavayev,Zorya Lugansk,2010s,Midfielder / Defender,,,,,3,https://www.allplayers.in.ua/ua/team_players/13,Low,Generated season scaffold from exact club spell 2014/15-2016/17; only safe numeric stats were aggregated. Blank cells mean season-level values were not reliably found.
Dmytro Bilyi,Zorya Lugansk,2000s,Defender,,,,,1,https://www.allplayers.in.ua/ua/team_players/13,Low,Generated season scaffold from exact club spell 2009/10-2013/14; only safe numeric stats were aggregated. Blank cells mean season-level values were not reliably found.
Dmytro Bilyi,Zorya Lugansk,2010s,Defender,,,,,4,https://www.allplayers.in.ua/ua/team_players/13,Low,Generated season scaffold from exact club spell 2009/10-2013/14; only safe numeric stats were aggregated. Blank cells mean season-level values were not reliably found.
Vitaliy Rudenko,Chornomorets Odesa,1990s,Goalkeeper,0,,,,1,https://uk.wikipedia.org/wiki/Статистика_та_рекорди_ФК_«Чорноморець»_Одеса ; https://www.allplayers.in.ua/ua/team_players/5,Medium,Generated season scaffold from exact club spell 1999/00-2012/13; only safe numeric stats were aggregated. Blank cells mean season-level values were not reliably found.
Vitaliy Rudenko,Chornomorets Odesa,2000s,Goalkeeper,0,,,,10,https://uk.wikipedia.org/wiki/Статистика_та_рекорди_ФК_«Чорноморець»_Одеса ; https://www.allplayers.in.ua/ua/team_players/5,Medium,Generated season scaffold from exact club spell 1999/00-2012/13; only safe numeric stats were aggregated. Blank cells mean season-level values were not reliably found.
Vitaliy Rudenko,Chornomorets Odesa,2010s,Goalkeeper,0,,,,3,https://uk.wikipedia.org/wiki/Статистика_та_рекорди_ФК_«Чорноморець»_Одеса ; https://www.allplayers.in.ua/ua/team_players/5,Medium,Generated season scaffold from exact club spell 1999/00-2012/13; only safe numeric stats were aggregated. Blank cells mean season-level values were not reliably found.
Vitaliy Kolesnichenko,Chornomorets Odesa,1990s,Midfielder,,,,,,https://uk.wikipedia.org/wiki/Статистика_та_рекорди_ФК_«Чорноморець»_Одеса ; https://www.allplayers.in.ua/ua/team_players/5,Medium,Could not reconstruct season-by-season statistics from supplied evidence. Source verifies candidate/club context or aggregate spell only; all unsafe numeric stats left blank. Club spell text in baseline: 1992-2000s.
Vitaliy Kolesnichenko,Chornomorets Odesa,2000s,Midfielder,,,,,,https://uk.wikipedia.org/wiki/Статистика_та_рекорди_ФК_«Чорноморець»_Одеса ; https://www.allplayers.in.ua/ua/team_players/5,Medium,Could not reconstruct season-by-season statistics from supplied evidence. Source verifies candidate/club context or aggregate spell only; all unsafe numeric stats left blank. Club spell text in baseline: 1992-2000s.
Yuriy Bukel,Chornomorets Odesa,1990s,Defender,,,,,,https://uk.wikipedia.org/wiki/Статистика_та_рекорди_ФК_«Чорноморець»_Одеса ; https://www.allplayers.in.ua/ua/team_players/5,Medium,Could not reconstruct season-by-season statistics from supplied evidence. Source verifies candidate/club context or aggregate spell only; all unsafe numeric stats left blank. Club spell text in baseline: 1990s-2000s.
Yuriy Bukel,Chornomorets Odesa,2000s,Defender,,,,,,https://uk.wikipedia.org/wiki/Статистика_та_рекорди_ФК_«Чорноморець»_Одеса ; https://www.allplayers.in.ua/ua/team_players/5,Medium,Could not reconstruct season-by-season statistics from supplied evidence. Source verifies candidate/club context or aggregate spell only; all unsafe numeric stats left blank. Club spell text in baseline: 1990s-2000s.
Oleksandr Zotov,Chornomorets Odesa,2000s,Midfielder,,,,,5,https://www.allplayers.in.ua/ua/top_players ; https://www.allplayers.in.ua/ua/team_players/5,Low,Generated season scaffold from exact club spell 2005/06-2013/14; only safe numeric stats were aggregated. Blank cells mean season-level values were not reliably found.
Oleksandr Zotov,Chornomorets Odesa,2010s,Midfielder,,,,,4,https://www.allplayers.in.ua/ua/top_players ; https://www.allplayers.in.ua/ua/team_players/5,Low,Generated season scaffold from exact club spell 2005/06-2013/14; only safe numeric stats were aggregated. Blank cells mean season-level values were not reliably found.
Oleksiy Hai,Chornomorets Odesa,2010s,Midfielder,,,,,2,https://uk.wikipedia.org/wiki/Статистика_та_рекорди_ФК_«Чорноморець»_Одеса ; https://www.allplayers.in.ua/ua/national_career/437,Low,Generated season scaffold from exact club spell 2013/14-2014/15; only safe numeric stats were aggregated. Blank cells mean season-level values were not reliably found.
Dmytro Bezotosnyi,Chornomorets Odesa,2010s,Goalkeeper,0,,,,4,https://uk.wikipedia.org/wiki/Статистика_та_рекорди_ФК_«Чорноморець»_Одеса ; https://www.allplayers.in.ua/ua/team_players/5,Medium,Generated season scaffold from exact club spell 2011/12-2014/15; only safe numeric stats were aggregated. Blank cells mean season-level values were not reliably found.
Oleksandr Didenko,Chornomorets Odesa,2000s,Forward,,,,,4,https://www.allplayers.in.ua/ua/team_players/5,Low,Generated season scaffold from exact club spell 2006/07-2011/12; only safe numeric stats were aggregated. Blank cells mean season-level values were not reliably found.
Oleksandr Didenko,Chornomorets Odesa,2010s,Forward,,,,,2,https://www.allplayers.in.ua/ua/team_players/5,Low,Generated season scaffold from exact club spell 2006/07-2011/12; only safe numeric stats were aggregated. Blank cells mean season-level values were not reliably found.
Ihor Kislov,Vorskla Poltava,1990s,Midfielder,,,,,,https://www.allplayers.in.ua/ua/team_players/8,Low,Could not reconstruct season-by-season statistics from supplied evidence. Source verifies candidate/club context or aggregate spell only; all unsafe numeric stats left blank. Club spell text in baseline: 1990s-2000s.
Ihor Kislov,Vorskla Poltava,2000s,Midfielder,,,,,,https://www.allplayers.in.ua/ua/team_players/8,Low,Could not reconstruct season-by-season statistics from supplied evidence. Source verifies candidate/club context or aggregate spell only; all unsafe numeric stats left blank. Club spell text in baseline: 1990s-2000s.
Oleksandr Omelchuk,Vorskla Poltava,1990s,Defender,,,,,,https://www.allplayers.in.ua/ua/team_players/8,Low,Could not reconstruct season-by-season statistics from supplied evidence. Source verifies candidate/club context or aggregate spell only; all unsafe numeric stats left blank. Club spell text in baseline: 1990s-2000s.
Oleksandr Omelchuk,Vorskla Poltava,2000s,Defender,,,,,,https://www.allplayers.in.ua/ua/team_players/8,Low,Could not reconstruct season-by-season statistics from supplied evidence. Source verifies candidate/club context or aggregate spell only; all unsafe numeric stats left blank. Club spell text in baseline: 1990s-2000s.
Serhiy Chuichenko,Vorskla Poltava,1990s,Forward,,,,,,https://www.allplayers.in.ua/ua/team_players/8,Low,Could not reconstruct season-by-season statistics from supplied evidence. Source verifies candidate/club context or aggregate spell only; all unsafe numeric stats left blank. Club spell text in baseline: 1990s.
Vladimir Dishlenkovic,Metalurg Donetsk (- 2015),2000s,Goalkeeper,0,,,,5,https://www.allplayers.in.ua/ua/team_players/9,Medium,Generated season scaffold from exact club spell 2005/06-2012/13; only safe numeric stats were aggregated. Blank cells mean season-level values were not reliably found.
Vladimir Dishlenkovic,Metalurg Donetsk (- 2015),2010s,Goalkeeper,0,,,,3,https://www.allplayers.in.ua/ua/team_players/9,Medium,Generated season scaffold from exact club spell 2005/06-2012/13; only safe numeric stats were aggregated. Blank cells mean season-level values were not reliably found.
Cyriac,Metalurg Donetsk (- 2015),2010s,Forward,,,,,4,https://www.allplayers.in.ua/ua/team_players/9,Low,Generated season scaffold from exact club spell 2011/12-2014/15; only safe numeric stats were aggregated. Blank cells mean season-level values were not reliably found.
Velizar Dimitrov,Metalurg Donetsk (- 2015),2000s,Midfielder,,,,,2,https://www.allplayers.in.ua/ua/team_players/9,Low,Generated season scaffold from exact club spell 2008/09-2011/12; only safe numeric stats were aggregated. Blank cells mean season-level values were not reliably found.
Velizar Dimitrov,Metalurg Donetsk (- 2015),2010s,Midfielder,,,,,2,https://www.allplayers.in.ua/ua/team_players/9,Low,Generated season scaffold from exact club spell 2008/09-2011/12; only safe numeric stats were aggregated. Blank cells mean season-level values were not reliably found.
Alexandru Suvorov,Metalurg Donetsk (- 2015),2010s,Midfielder,,,,,3,https://www.allplayers.in.ua/ua/team_players/9,Low,Generated season scaffold from exact club spell 2010/11-2012/13; only safe numeric stats were aggregated. Blank cells mean season-level values were not reliably found.
Oleksandr Nesterov,Metalurg Zaporizhya,2000s,Defender,,,,,,https://www.allplayers.in.ua/ua/team_players/11,Low,Could not reconstruct season-by-season statistics from supplied evidence. Source verifies candidate/club context or aggregate spell only; all unsafe numeric stats left blank. Club spell text in baseline: 2000s-2010s.
Oleksandr Nesterov,Metalurg Zaporizhya,2010s,Defender,,,,,,https://www.allplayers.in.ua/ua/team_players/11,Low,Could not reconstruct season-by-season statistics from supplied evidence. Source verifies candidate/club context or aggregate spell only; all unsafe numeric stats left blank. Club spell text in baseline: 2000s-2010s.
Viktor Gromov,Kryvbas Kryvyi Rig,1990s,Defender,,,,,,https://www.allplayers.in.ua/ua/team_players/10,Medium,Could not reconstruct season-by-season statistics from supplied evidence. Source verifies candidate/club context or aggregate spell only; all unsafe numeric stats left blank. Club spell text in baseline: 1990s-2000s.
Viktor Gromov,Kryvbas Kryvyi Rig,2000s,Defender,,,,,,https://www.allplayers.in.ua/ua/team_players/10,Medium,Could not reconstruct season-by-season statistics from supplied evidence. Source verifies candidate/club context or aggregate spell only; all unsafe numeric stats left blank. Club spell text in baseline: 1990s-2000s.
Hennadiy Prykhodko,Kryvbas Kryvyi Rig,1990s,Midfielder,,,,,,https://www.allplayers.in.ua/ua/team_players/10,Medium,Could not reconstruct season-by-season statistics from supplied evidence. Source verifies candidate/club context or aggregate spell only; all unsafe numeric stats left blank. Club spell text in baseline: 1990s-2000s.
Hennadiy Prykhodko,Kryvbas Kryvyi Rig,2000s,Midfielder,,,,,,https://www.allplayers.in.ua/ua/team_players/10,Medium,Could not reconstruct season-by-season statistics from supplied evidence. Source verifies candidate/club context or aggregate spell only; all unsafe numeric stats left blank. Club spell text in baseline: 1990s-2000s.
Oleksandr Zotov,Kryvbas Kryvyi Rig,2000s,Midfielder,,,,,,https://www.allplayers.in.ua/ua/top_players ; https://www.allplayers.in.ua/ua/team_players/10,Medium,Could not reconstruct season-by-season statistics from supplied evidence. Source verifies candidate/club context or aggregate spell only; all unsafe numeric stats left blank. Club spell text in baseline: 2000s.
Ihor Oshchypko,Karpaty Lviv,2000s,Defender,,,,,2,https://www.allplayers.in.ua/ua/team_players/6,Low,Generated season scaffold from exact club spell 2008/09-2012/13; only safe numeric stats were aggregated. Blank cells mean season-level values were not reliably found.
Ihor Oshchypko,Karpaty Lviv,2010s,Defender,,,,,3,https://www.allplayers.in.ua/ua/team_players/6,Low,Generated season scaffold from exact club spell 2008/09-2012/13; only safe numeric stats were aggregated. Blank cells mean season-level values were not reliably found.
Sambou Yatabare,Karpaty Lviv,2010s,Midfielder,,,,,2,https://www.allplayers.in.ua/ua/team_players/6 ; https://www.allplayers.in.ua/ua/club_legioner/6,Low,Generated season scaffold from exact club spell 2011/12-2012/13; only safe numeric stats were aggregated. Blank cells mean season-level values were not reliably found.
Maicon,Volyn Lutsk,2010s,Forward,,,,,2,https://www.allplayers.in.ua/ua/team_players/14 ; https://www.allplayers.in.ua/ua/team_scorers/14,Low,Generated season scaffold from exact club spell 2010/11-2011/12; only safe numeric stats were aggregated. Blank cells mean season-level values were not reliably found.
Andriy Hitchenko,FC Oleksandriya,2010s,Defender,,,,,4,https://www.allplayers.in.ua/ua/team_players/25,Low,Generated season scaffold from exact club spell 2016/17-2020/21; only safe numeric stats were aggregated. Blank cells mean season-level values were not reliably found.
Andriy Hitchenko,FC Oleksandriya,2020s,Defender,,,,,1,https://www.allplayers.in.ua/ua/team_players/25,Low,Generated season scaffold from exact club spell 2016/17-2020/21; only safe numeric stats were aggregated. Blank cells mean season-level values were not reliably found.
Roman Lytovchak,Borysfen Boryspil (- 2007),2000s,Midfielder,,,,,,https://www.allplayers.in.ua/ua/team_players/24,Medium,Could not reconstruct season-by-season statistics from supplied evidence. Source verifies candidate/club context or aggregate spell only; all unsafe numeric stats left blank. Club spell text in baseline: 1990s-2000s.
Maksym Stoyan,Borysfen Boryspil (- 2007),2000s,Midfielder,,,,,,https://www.allplayers.in.ua/ua/team_players/24,Low,Could not reconstruct season-by-season statistics from supplied evidence. Source verifies candidate/club context or aggregate spell only; all unsafe numeric stats left blank. Club spell text in baseline: 2000s.
Volodymyr Avramenko,Desna Chernigiv,2010s,Midfielder,,,,,,https://www.allplayers.in.ua/ua/team_players/1794,Medium,Could not reconstruct season-by-season statistics from supplied evidence. Source verifies candidate/club context or aggregate spell only; all unsafe numeric stats left blank. Club spell text in baseline: 2000s-2010s.
Oleksandr Kozhemyachenko,Desna Chernigiv,2010s,Forward,,,,,,https://www.allplayers.in.ua/ua/team_players/1794,Medium,Could not reconstruct season-by-season statistics from supplied evidence. Source verifies candidate/club context or aggregate spell only; all unsafe numeric stats left blank. Club spell text in baseline: 2000s-2010s.
